event_number,track_id,step_number,x,y,z,ux,uy,uz,angle,step_length,track_length,E_kin,E_dep
0,1,0,0.000,0.000,0.000,-0.933,0.297,0.203,0.000,0.000,0.000,50.000,0.000
0,1,2,-0.149,0.053,0.029,-0.160,0.969,-0.186,66.446,0.332,0.337,41.947,8.053
0,1,3,-0.159,0.113,0.018,-0.250,0.893,-0.374,65.009,0.081,0.417,37.191,1.802
0,1,4,-0.183,0.200,-0.018,0.242,0.942,-0.232,89.613,0.208,0.625,30.201,6.990
0,1,5,-0.167,0.266,-0.035,0.378,0.792,0.479,91.105,0.151,0.776,26.528,3.673
0,1,6,-0.145,0.311,-0.007,-0.782,-0.388,0.488,44.485,0.124,0.900,24.236,2.292
0,1,7,-0.184,0.292,0.017,-0.831,0.515,0.209,13.828,0.109,1.008,21.086,3.150
0,1,8,-0.216,0.312,0.025,-0.042,0.542,0.840,68.247,0.089,1.097,11.764,9.321
0,1,9,-0.217,0.321,0.039,0.425,-0.293,0.856,108.047,0.043,1.140,3.781,7.983
0,1,10,-0.216,0.320,0.041,0.383,-0.570,0.727,112.255,0.017,1.157,0.564,3.217
0,1,11,-0.216,0.320,0.042,0.383,-0.570,0.727,112.255,0.002,1.158,0.000,0.564
0,2,1,-0.163,0.125,0.013,-0.252,0.900,-0.354,0.000,0.013,0.013,0.000,0.045
0,6,1,-0.162,0.125,0.013,-0.364,-0.586,0.724,124.109,0.000,0.000,0.000,0.044
0,5,1,-0.163,0.125,0.013,-0.832,-0.533,0.151,0.000,0.000,0.000,0.000,0.046
0,4,1,-0.163,0.125,0.013,0.603,-0.760,-0.241,0.000,0.000,0.000,0.542,0.000
0,4,2,-0.162,0.125,0.013,0.603,-0.760,-0.241,0.000,0.001,0.001,0.000,0.542
0,3,1,-0.163,0.125,0.013,0.865,-0.085,-0.494,0.000,0.000,0.000,2.274,0.002
0,3,2,-0.161,0.125,0.012,-0.788,0.579,-0.207,129.023,0.010,0.010,0.535,1.740
0,3,3,-0.161,0.125,0.012,-0.788,0.579,-0.207,129.023,0.001,0.012,0.000,0.535
1,1,0,0.000,0.000,0.000,0.372,-0.018,0.928,0.000,0.000,0.000,50.000,0.000
1,1,1,0.001,0.000,0.001,0.422,0.309,0.852,19.530,0.002,0.002,49.698,0.302
1,1,2,0.066,0.048,0.134,0.728,0.655,0.200,63.582,0.329,0.331,47.354,2.344
1,1,4,0.149,0.122,0.159,0.801,-0.571,-0.177,81.688,0.239,0.571,36.776,3.892
1,1,5,0.225,0.067,0.142,0.470,-0.455,-0.757,121.241,0.204,0.775,33.626,3.150
1,1,6,0.264,0.030,0.080,0.453,0.247,0.857,16.437,0.178,0.953,31.717,1.909
1,1,7,0.298,0.048,0.144,0.794,-0.497,-0.351,91.200,0.162,1.115,24.967,6.750
1,1,8,0.339,0.022,0.126,-0.225,-0.974,0.010,93.265,0.113,1.229,20.908,4.059
1,1,9,0.330,-0.016,0.126,0.153,-0.905,-0.397,107.135,0.088,1.316,18.474,2.434
1,1,10,0.335,-0.045,0.113,0.775,-0.322,0.545,36.897,0.074,1.391,13.003,5.471
1,1,11,0.350,-0.051,0.124,0.363,0.078,-0.929,136.728,0.048,1.439,10.400,2.603
1,1,12,0.355,-0.050,0.111,-0.973,-0.018,-0.231,125.190,0.038,1.476,7.485,2.915
1,1,13,0.347,-0.050,0.109,-0.580,0.263,0.771,60.339,0.028,1.504,5.926,1.559
1,1,14,0.343,-0.048,0.114,0.159,-0.950,-0.270,100.018,0.023,1.527,2.670,3.256
1,1,15,0.343,-0.050,0.113,0.384,0.069,0.921,5.057,0.012,1.539,0.000,2.670
1,2,1,-0.067,0.027,-0.098,-0.498,-0.083,-0.863,0.000,0.269,0.269,0.000,0.173
1,12,1,-0.067,0.027,-0.098,-0.397,0.917,-0.042,149.432,0.000,0.000,0.000,0.021
1,11,1,-0.067,0.027,-0.098,0.828,0.170,0.535,37.625,0.000,0.000,0.000,0.021
1,10,1,-0.067,0.027,-0.098,0.958,-0.147,0.245,0.000,0.000,0.000,0.000,0.046
1,9,1,-0.067,0.027,-0.098,0.681,-0.430,-0.593,162.447,0.000,0.000,0.000,0.035
1,8,1,-0.067,0.027,-0.098,-0.764,-0.143,-0.629,0.000,0.000,0.000,0.000,0.046
1,7,1,-0.067,0.027,-0.098,-0.011,-0.795,0.607,116.241,0.000,0.000,0.000,0.012
1,6,1,-0.067,0.027,-0.098,0.194,-0.221,0.956,0.000,0.000,0.000,0.000,0.010
1,5,1,-0.067,0.027,-0.098,0.277,-0.733,-0.621,0.000,0.000,0.000,0.710,0.001
1,5,2,-0.067,0.026,-0.098,0.277,-0.733,-0.621,0.000,0.002,0.002,0.000,0.710
1,4,1,-0.067,0.027,-0.098,-0.909,0.391,0.143,116.110,0.000,0.000,0.000,0.047
1,3,1,-0.067,0.027,-0.098,-0.549,0.442,-0.710,0.000,0.000,0.000,5.560,0.004
1,3,2,-0.070,0.029,-0.102,0.898,-0.414,0.147,141.278,0.022,0.022,3.468,2.092
1,3,3,-0.067,0.028,-0.102,-0.638,-0.762,0.109,93.698,0.016,0.038,1.631,1.837
1,3,4,-0.068,0.027,-0.102,-0.638,-0.762,0.109,93.698,0.006,0.044,0.000,1.631
2,1,0,0.000,0.000,0.000,0.727,0.564,0.392,0.000,0.000,0.000,50.000,0.000
2,1,2,0.115,0.089,0.062,-0.332,0.776,-0.536,90.816,0.332,0.334,43.530,6.470
2,1,3,0.074,0.186,-0.005,-0.167,0.977,0.131,61.252,0.267,0.601,31.294,12.237
2,1,4,0.061,0.258,0.005,0.275,-0.651,0.708,83.645,0.159,0.760,29.627,1.667
2,1,5,0.080,0.214,0.052,-0.708,-0.098,-0.699,147.613,0.146,0.906,28.127,1.500
2,1,6,0.036,0.208,0.009,-0.600,-0.017,-0.800,139.392,0.135,1.041,24.944,3.183
2,1,7,0.005,0.207,-0.032,-0.235,0.970,0.067,66.291,0.113,1.155,21.160,3.784
2,1,8,-0.004,0.246,-0.030,-0.736,0.669,-0.108,101.536,0.089,1.244,18.312,2.848
2,1,9,-0.028,0.267,-0.033,-0.370,0.043,0.928,83.150,0.073,1.318,17.599,0.714
2,1,10,-0.039,0.269,-0.005,-0.358,-0.865,0.353,127.536,0.070,1.387,14.056,3.542
2,1,11,-0.047,0.250,0.002,-0.303,0.660,0.687,65.096,0.052,1.440,11.020,3.037
2,1,12,-0.051,0.260,0.013,0.474,-0.117,0.873,51.620,0.040,1.480,10.288,0.732
2,1,13,-0.045,0.258,0.024,0.407,-0.896,0.179,97.958,0.037,1.517,6.322,3.966
2,1,14,-0.042,0.253,0.026,0.715,0.322,-0.621,62.808,0.024,1.541,5.524,0.798
2,1,15,-0.038,0.254,0.022,-0.062,0.880,0.471,50.527,0.022,1.563,2.707,2.817
2,1,16,-0.038,0.256,0.023,0.691,-0.718,-0.088,86.410,0.013,1.575,0.000,2.707
3,1,0,0.000,0.000,0.000,-0.804,0.578,-0.138,0.000,0.000,0.000,50.000,0.000
3,1,2,-0.126,0.096,0.009,-0.125,-0.591,-0.797,97.505,0.332,0.334,45.197,4.803
3,1,3,-0.142,0.017,-0.097,0.850,0.365,0.380,121.667,0.283,0.617,42.145,3.052
3,1,4,-0.041,0.060,-0.052,0.713,0.669,0.209,102.433,0.253,0.870,37.923,4.222
3,1,5,0.030,0.128,-0.031,0.970,0.061,-0.235,135.410,0.214,1.084,34.390,3.533
3,1,6,0.113,0.133,-0.051,-0.571,0.264,0.777,59.716,0.184,1.268,31.885,2.505
3,1,7,0.070,0.153,0.008,0.731,-0.150,0.665,140.102,0.164,1.432,28.331,3.553
3,1,8,0.116,0.143,0.050,-0.862,0.369,0.347,30.809,0.137,1.569,25.623,2.708
3,1,9,0.069,0.163,0.069,-0.292,0.381,-0.878,54.836,0.118,1.686,22.801,2.822
3,1,10,0.056,0.180,0.029,-0.249,0.889,-0.384,39.902,0.099,1.786,20.133,2.668
3,1,11,0.047,0.213,0.015,0.559,0.240,-0.794,101.614,0.083,1.869,17.197,2.937
3,1,12,0.063,0.220,-0.008,-0.687,0.272,0.674,51.967,0.068,1.937,15.467,1.730
3,1,13,0.046,0.227,0.009,0.769,-0.603,0.211,175.149,0.059,1.996,12.939,2.528
3,1,14,0.061,0.215,0.013,0.782,0.517,0.347,112.222,0.048,2.043,10.937,2.002
3,1,15,0.073,0.223,0.018,-0.444,0.843,-0.304,27.572,0.040,2.083,7.603,3.334
3,1,16,0.069,0.230,0.015,-0.261,-0.307,-0.915,80.849,0.028,2.111,5.587,2.017
3,1,17,0.067,0.228,0.010,0.412,-0.867,0.280,150.586,0.022,2.133,4.685,0.902
3,1,18,0.069,0.225,0.011,-0.855,0.367,0.367,31.924,0.020,2.153,2.328,2.357
3,1,19,0.068,0.225,0.012,-0.141,-0.887,-0.440,109.794,0.011,2.163,0.000,2.328
4,1,0,0.000,0.000,0.000,0.437,0.853,0.286,0.000,0.000,0.000,50.000,0.000
4,1,1,0.001,0.001,0.000,0.437,0.853,0.286,0.000,0.002,0.002,49.983,0.017
4,1,2,0.069,0.135,0.045,-0.833,0.402,-0.381,97.489,0.332,0.334,31.653,18.330
4,1,3,0.007,0.165,0.017,-0.669,0.351,-0.655,100.367,0.162,0.496,28.281,3.371
4,1,4,-0.035,0.187,-0.024,-0.953,-0.099,0.285,114.762,0.137,0.632,22.935,5.346
4,1,5,-0.078,0.183,-0.011,-0.566,0.159,0.809,83.094,0.100,0.732,18.794,4.141
4,1,6,-0.097,0.188,0.015,0.608,-0.567,-0.556,112.153,0.076,0.809,18.072,0.722
4,1,7,-0.078,0.170,-0.002,0.088,-0.798,-0.596,144.350,0.072,0.881,17.198,0.874
4,1,8,-0.075,0.147,-0.019,0.009,0.120,0.993,66.991,0.068,0.948,14.375,2.823
4,1,9,-0.075,0.150,0.003,-0.767,-0.638,0.065,149.407,0.054,1.002,11.895,2.480
4,1,10,-0.088,0.139,0.004,0.868,0.429,-0.251,47.718,0.043,1.045,9.599,2.296
4,1,11,-0.077,0.144,0.001,0.314,0.601,-0.735,63.944,0.035,1.080,6.756,2.843
4,1,12,-0.075,0.149,-0.005,-0.217,-0.679,0.702,118.216,0.025,1.105,2.252,4.504
4,1,13,-0.075,0.148,-0.004,-0.074,0.967,-0.244,43.780,0.010,1.116,0.367,1.885
4,1,14,-0.075,0.148,-0.004,-0.074,0.967,-0.244,43.780,0.001,1.116,0.000,0.367
5,1,0,0.000,0.000,0.000,0.746,0.612,-0.260,0.000,0.000,0.000,50.000,0.000
5,1,2,0.118,0.097,-0.041,0.816,0.498,-0.294,7.908,0.332,0.334,46.361,3.639
5,1,3,0.231,0.166,-0.082,0.458,0.613,-0.644,27.757,0.295,0.629,42.921,3.441
5,1,4,0.287,0.241,-0.161,0.907,0.175,-0.382,27.869,0.261,0.889,35.560,7.361
5,1,5,0.369,0.257,-0.195,0.304,-0.283,0.910,100.578,0.194,1.083,32.471,3.089
5,1,6,0.393,0.235,-0.124,0.721,-0.223,0.656,76.607,0.168,1.251,26.236,6.235
5,1,7,0.433,0.222,-0.088,0.119,0.781,-0.614,43.430,0.122,1.373,23.218,3.017
5,1,8,0.439,0.258,-0.116,-0.939,0.297,0.172,124.343,0.102,1.475,19.927,3.291
5,1,9,0.405,0.269,-0.110,-0.586,0.661,-0.469,84.908,0.082,1.558,14.923,5.004
5,1,10,0.391,0.284,-0.121,-0.873,-0.403,0.273,165.932,0.056,1.614,14.478,0.445
5,1,11,0.371,0.275,-0.115,0.422,0.476,0.772,66.060,0.054,1.668,12.013,2.464
5,1,12,0.378,0.284,-0.102,0.481,-0.390,0.785,94.823,0.044,1.712,10.076,1.937
5,1,13,0.385,0.278,-0.091,-0.886,-0.374,0.276,164.104,0.036,1.748,9.040,1.035
5,1,14,0.375,0.274,-0.088,0.694,0.004,0.720,70.556,0.033,1.781,8.024,1.016
5,1,15,0.381,0.274,-0.081,-0.671,0.481,0.564,110.681,0.029,1.810,5.468,2.556
5,1,16,0.378,0.277,-0.078,-0.967,0.053,0.249,138.943,0.022,1.832,3.574,1.894
5,1,17,0.375,0.277,-0.078,-0.529,-0.190,0.827,136.596,0.016,1.848,0.772,2.803
5,1,18,0.375,0.277,-0.077,-0.529,-0.190,0.827,136.596,0.002,1.851,0.000,0.772
6,1,0,0.000,0.000,0.000,0.165,-0.874,0.456,0.000,0.000,0.000,50.000,0.000
6,1,1,0.000,-0.001,0.001,0.003,-0.841,0.541,10.633,0.002,0.002,49.983,0.017
6,1,2,0.001,-0.133,0.086,0.077,-0.944,0.322,10.009,0.332,0.334,43.788,6.196
6,1,3,0.010,-0.252,0.126,-0.658,0.484,0.578,105.528,0.269,0.603,38.673,5.114
6,1,4,-0.058,-0.202,0.186,-0.572,0.639,0.514,114.737,0.221,0.824,33.457,5.216
6,1,5,-0.105,-0.150,0.228,-0.429,-0.903,0.025,43.063,0.176,1.000,31.666,1.791
6,1,6,-0.137,-0.218,0.230,-0.824,-0.521,-0.226,77.485,0.162,1.162,28.025,3.641
6,1,7,-0.188,-0.250,0.216,0.114,-0.396,-0.911,92.880,0.135,1.297,22.206,5.820
6,1,8,-0.183,-0.267,0.177,0.354,0.644,-0.679,144.528,0.096,1.392,19.137,3.069
6,1,9,-0.171,-0.245,0.154,-0.169,-0.348,-0.922,98.304,0.078,1.470,18.272,0.864
6,1,10,-0.176,-0.256,0.124,0.697,-0.116,-0.708,96.139,0.073,1.543,15.293,2.979
6,1,11,-0.159,-0.259,0.107,0.589,0.151,0.794,70.887,0.058,1.601,13.825,1.468
6,1,12,-0.147,-0.256,0.124,0.417,0.579,0.700,96.795,0.051,1.653,11.958,1.867
6,1,13,-0.140,-0.246,0.136,-0.927,-0.365,-0.089,82.760,0.044,1.696,8.902,3.056
6,1,14,-0.150,-0.250,0.135,-0.317,-0.263,0.911,53.585,0.032,1.729,8.127,0.775
6,1,15,-0.153,-0.253,0.143,0.896,0.304,-0.324,105.437,0.030,1.758,6.277,1.851
6,1,16,-0.147,-0.251,0.141,-0.947,0.312,0.079,113.082,0.024,1.782,2.988,3.289
6,1,17,-0.149,-0.250,0.141,-0.115,-0.877,-0.467,57.680,0.014,1.796,1.655,1.333
6,1,18,-0.149,-0.251,0.141,-0.115,-0.877,-0.467,57.680,0.006,1.803,0.000,1.655
7,1,0,0.000,0.000,0.000,-0.469,-0.585,-0.662,0.000,0.000,0.000,50.000,0.000
7,1,2,-0.074,-0.093,-0.105,0.799,-0.160,-0.580,84.123,0.332,0.334,44.876,5.124
7,1,3,0.031,-0.114,-0.181,-0.751,0.626,0.209,98.779,0.280,0.614,39.876,5.000
7,1,4,-0.051,-0.046,-0.158,0.426,0.233,0.874,156.160,0.232,0.846,34.984,4.892
7,1,5,-0.013,-0.025,-0.081,0.280,-0.960,0.021,65.382,0.189,1.034,31.740,3.244
7,1,6,0.008,-0.097,-0.080,-0.383,-0.225,-0.896,25.286,0.162,1.197,27.157,4.584
7,1,7,-0.015,-0.111,-0.133,0.227,-0.568,0.791,107.309,0.128,1.325,22.494,4.662
7,1,8,-0.005,-0.135,-0.098,-0.705,0.301,-0.642,54.566,0.098,1.423,20.386,2.109
7,1,9,-0.031,-0.124,-0.122,0.143,-0.186,-0.972,46.739,0.085,1.508,18.070,2.316
7,1,10,-0.027,-0.130,-0.152,0.523,0.846,0.106,144.074,0.072,1.580,17.253,0.817
7,1,11,-0.012,-0.105,-0.149,-0.647,-0.686,0.334,61.097,0.068,1.648,11.395,5.858
7,1,12,-0.022,-0.116,-0.144,0.956,0.141,0.256,134.434,0.041,1.689,9.885,1.510
7,1,13,-0.010,-0.114,-0.141,-0.241,-0.736,0.632,82.806,0.036,1.725,9.102,0.783
7,1,14,-0.012,-0.123,-0.134,-0.298,0.440,-0.847,63.721,0.033,1.758,7.451,1.651
7,1,15,-0.015,-0.119,-0.141,-0.207,0.423,0.882,137.216,0.028,1.785,5.174,2.277
7,1,16,-0.016,-0.117,-0.137,-0.823,0.400,0.403,96.567,0.021,1.806,3.413,1.761
7,1,17,-0.018,-0.116,-0.135,-0.832,-0.535,0.148,52.798,0.015,1.822,1.619,1.794
7,1,18,-0.019,-0.116,-0.135,-0.832,-0.535,0.148,52.798,0.006,1.828,0.000,1.619
8,1,0,0.000,0.000,0.000,0.126,0.880,-0.457,0.000,0.000,0.000,50.000,0.000
8,1,2,0.014,0.138,-0.077,0.316,-0.735,-0.600,109.446,0.332,0.334,44.959,5.041
8,1,3,0.055,0.041,-0.156,-0.173,-0.104,-0.979,70.471,0.281,0.615,42.504,2.455
8,1,4,0.035,0.028,-0.274,-0.649,0.639,-0.413,47.918,0.257,0.871,33.984,8.520
8,1,5,-0.020,0.082,-0.309,0.522,-0.114,-0.845,69.421,0.180,1.052,24.230,9.754
8,1,6,0.006,0.076,-0.350,0.840,-0.363,-0.404,91.664,0.109,1.160,22.733,1.497
8,1,7,0.043,0.060,-0.368,0.881,0.103,-0.461,65.636,0.099,1.259,19.576,3.157
8,1,8,0.074,0.064,-0.384,0.353,-0.028,0.935,114.059,0.080,1.340,12.148,7.428
8,1,9,0.080,0.063,-0.368,0.738,-0.587,-0.334,105.742,0.044,1.384,11.195,0.953
8,1,10,0.092,0.054,-0.373,-0.230,-0.558,-0.797,98.951,0.041,1.424,10.590,0.605
8,1,11,0.088,0.047,-0.385,0.684,0.708,0.175,50.972,0.038,1.463,8.406,2.184
8,1,12,0.095,0.054,-0.383,0.622,0.314,0.717,88.457,0.031,1.493,5.158,3.249
8,1,13,0.098,0.055,-0.379,0.548,0.831,-0.097,32.373,0.021,1.514,1.247,3.911
8,1,14,0.099,0.056,-0.379,0.548,0.831,-0.097,32.373,0.004,1.518,0.000,1.247
9,1,0,0.000,0.000,0.000,-0.808,0.110,0.579,0.000,0.000,0.000,50.000,0.000
9,1,2,-0.128,0.017,0.092,-0.924,-0.326,0.199,34.269,0.332,0.334,46.092,3.908
9,1,3,-0.255,-0.027,0.119,-0.062,-0.633,-0.772,117.757,0.292,0.626,42.949,3.142
9,1,4,-0.263,-0.105,0.024,0.728,-0.375,0.573,107.364,0.261,0.887,39.129,3.820
9,1,5,-0.186,-0.144,0.085,-0.632,0.051,0.773,15.466,0.225,1.112,34.067,5.063
9,1,6,-0.239,-0.140,0.150,-0.706,-0.272,0.654,23.221,0.181,1.293,26.445,7.621
9,1,7,-0.279,-0.156,0.187,0.347,0.903,0.254,91.993,0.123,1.417,24.030,2.415
9,1,8,-0.262,-0.112,0.199,-0.143,0.738,0.659,54.675,0.107,1.524,19.463,4.567
9,1,9,-0.267,-0.086,0.222,0.482,0.425,-0.766,141.830,0.080,1.603,15.701,3.762
9,1,10,-0.255,-0.075,0.203,-0.599,-0.406,0.690,32.983,0.060,1.664,12.619,3.082
9,1,11,-0.266,-0.083,0.215,-0.426,0.895,0.134,58.654,0.046,1.710,8.975,3.644
9,1,12,-0.271,-0.073,0.217,-0.052,-0.405,0.913,58.284,0.033,1.742,6.035,2.941
9,1,13,-0.271,-0.075,0.223,-0.084,0.752,-0.654,103.162,0.023,1.766,4.897,1.138
9,1,14,-0.271,-0.072,0.220,0.479,0.844,0.243,98.852,0.020,1.786,3.411,1.485
9,1,15,-0.270,-0.069,0.220,0.122,-0.980,0.155,96.706,0.015,1.801,0.483,2.928
9,1,16,-0.270,-0.070,0.220,0.122,-0.980,0.155,96.706,0.001,1.803,0.000,0.483
10,1,0,0.000,0.000,0.000,0.596,-0.759,-0.262,0.000,0.000,0.000,50.000,0.000
10,1,2,0.094,-0.120,-0.041,-0.584,-0.403,-0.704,81.815,0.332,0.334,45.713,4.287
10,1,3,0.015,-0.175,-0.137,0.165,-0.160,0.973,92.027,0.288,0.622,39.077,6.637
10,1,4,0.033,-0.192,-0.035,0.232,-0.086,0.969,92.873,0.224,0.847,34.501,4.575
10,1,5,0.053,-0.199,0.049,-0.247,-0.539,-0.806,61.807,0.185,1.031,30.351,4.150
10,1,6,0.035,-0.237,-0.008,0.240,-0.122,-0.963,60.800,0.152,1.183,23.890,6.461
10,1,7,0.047,-0.243,-0.054,0.877,-0.032,-0.479,47.738,0.106,1.290,16.166,7.724
10,1,8,0.070,-0.244,-0.067,-0.317,0.773,-0.550,129.185,0.062,1.352,14.232,1.934
10,1,9,0.063,-0.227,-0.079,-0.336,0.922,0.195,161.920,0.053,1.405,11.630,2.602
10,1,10,0.058,-0.212,-0.076,-0.379,-0.920,0.103,63.558,0.042,1.447,5.965,5.664
10,1,11,0.055,-0.217,-0.075,0.573,-0.815,0.090,20.546,0.023,1.470,3.667,2.299
10,1,12,0.057,-0.220,-0.075,0.057,-0.962,-0.266,33.513,0.016,1.487,0.466,3.201
10,1,13,0.057,-0.220,-0.075,0.057,-0.962,-0.266,33.513,0.001,1.488,0.000,0.466
11,1,0,0.000,0.000,0.000,-0.190,-0.968,-0.166,0.000,0.000,0.000,50.000,0.000
11,1,2,-0.030,-0.153,-0.026,-0.937,-0.276,-0.215,61.239,0.332,0.334,40.865,9.135
11,1,3,-0.136,-0.184,-0.051,-0.958,-0.282,0.055,63.539,0.241,0.575,36.597,4.268
11,1,4,-0.227,-0.211,-0.045,0.862,-0.349,0.367,83.520,0.202,0.778,25.677,10.920
11,1,5,-0.180,-0.230,-0.026,0.454,-0.554,-0.698,55.602,0.118,0.896,21.297,4.380
11,1,6,-0.162,-0.252,-0.054,0.453,-0.528,0.718,72.206,0.090,0.986,15.174,6.123
11,1,7,-0.151,-0.265,-0.036,0.981,-0.106,-0.162,93.287,0.058,1.044,13.110,2.064
11,1,8,-0.132,-0.267,-0.040,-0.387,-0.908,0.160,22.237,0.048,1.092,8.871,4.238
11,1,9,-0.136,-0.277,-0.038,0.735,0.030,-0.677,93.261,0.032,1.124,6.440,2.432
11,1,10,-0.131,-0.277,-0.042,0.381,-0.525,0.761,71.978,0.025,1.149,5.231,1.209
11,1,11,-0.129,-0.279,-0.039,-0.700,0.349,0.623,107.930,0.021,1.170,3.575,1.656
11,1,12,-0.131,-0.278,-0.037,-0.248,0.562,-0.789,111.443,0.016,1.186,1.677,1.898
11,1,13,-0.132,-0.278,-0.038,-0.248,0.562,-0.789,111.443,0.007,1.192,0.000,1.677
12,1,0,0.000,0.000,0.000,0.217,0.649,-0.729,0.000,0.000,0.000,50.000,0.000
12,1,1,0.000,0.001,-0.001,0.107,0.620,-0.777,7.091,0.002,0.002,49.925,0.075
12,1,2,0.017,0.098,-0.123,-0.734,-0.301,-0.609,84.871,0.332,0.333,44.116,5.808
12,1,3,-0.077,0.059,-0.201,-0.217,0.777,0.591,88.466,0.272,0.606,42.261,1.856
12,1,4,-0.103,0.152,-0.130,0.345,0.222,-0.912,27.928,0.254,0.860,38.173,4.088
12,1,5,-0.068,0.175,-0.222,0.826,0.418,0.379,79.958,0.216,1.076,31.244,6.929
12,1,6,-0.007,0.205,-0.195,-0.706,-0.707,0.042,129.997,0.159,1.235,28.807,2.437
12,1,7,-0.053,0.160,-0.192,0.282,0.958,0.052,49.824,0.140,1.375,27.758,1.050
12,1,8,-0.036,0.218,-0.189,-0.274,0.859,0.432,79.440,0.133,1.508,26.100,1.658
12,1,9,-0.051,0.265,-0.165,0.077,0.996,-0.049,45.620,0.121,1.629,20.138,5.962
12,1,10,-0.048,0.302,-0.167,0.567,0.559,-0.605,22.039,0.084,1.713,15.939,4.198
12,1,11,-0.033,0.317,-0.182,0.934,0.322,-0.153,58.465,0.061,1.774,13.161,2.778
12,1,12,-0.015,0.323,-0.185,-0.154,0.258,0.954,124.108,0.048,1.822,12.156,1.005
12,1,13,-0.018,0.327,-0.169,-0.847,0.227,-0.481,71.643,0.044,1.867,9.934,2.222
12,1,14,-0.029,0.330,-0.175,0.465,-0.860,0.211,127.677,0.036,1.902,7.829,2.106
12,1,15,-0.025,0.322,-0.173,-0.555,-0.180,-0.812,69.234,0.029,1.931,4.211,3.617
12,1,16,-0.027,0.322,-0.176,-0.535,-0.202,0.821,147.713,0.018,1.949,1.007,3.204
12,1,17,-0.027,0.322,-0.176,-0.535,-0.202,0.821,147.713,0.003,1.952,0.000,1.007
13,1,0,0.000,0.000,0.000,0.606,-0.703,0.373,0.000,0.000,0.000,50.000,0.000
13,1,2,0.096,-0.111,0.059,0.171,0.973,0.152,121.580,0.332,0.334,45.086,4.914
13,1,3,0.119,0.018,0.079,-0.548,-0.728,-0.412,88.503,0.282,0.616,42.539,2.548
13,1,4,0.053,-0.070,0.030,-0.634,-0.002,-0.773,132.200,0.257,0.873,35.370,7.169
13,1,5,-0.004,-0.070,-0.040,0.489,-0.413,-0.768,72.548,0.192,1.065,28.761,6.609
13,1,6,0.027,-0.097,-0.089,0.046,0.051,0.998,68.632,0.140,1.205,26.673,2.087
13,1,7,0.030,-0.094,-0.032,1.000,-0.006,0.012,52.094,0.125,1.330,23.065,3.608
13,1,8,0.075,-0.094,-0.031,0.012,0.980,-0.197,139.028,0.101,1.431,20.883,2.182
13,1,9,0.076,-0.056,-0.039,0.177,0.785,0.594,102.857,0.088,1.519,19.064,1.819
13,1,10,0.082,-0.029,-0.019,-0.117,0.046,-0.992,118.268,0.078,1.596,17.178,1.885
13,1,11,0.078,-0.028,-0.048,0.596,-0.787,-0.158,31.210,0.067,1.664,14.798,2.380
13,1,12,0.092,-0.046,-0.051,0.555,-0.635,0.537,10.570,0.056,1.720,12.798,2.000
13,1,13,0.103,-0.058,-0.041,0.919,-0.391,-0.053,35.744,0.047,1.767,11.707,1.091
13,1,14,0.118,-0.064,-0.042,0.286,0.524,-0.802,119.646,0.043,1.809,9.526,2.181
13,1,15,0.121,-0.058,-0.052,-0.621,0.754,-0.215,170.388,0.034,1.843,7.499,2.027
13,1,16,0.116,-0.052,-0.054,-0.844,-0.407,0.350,95.444,0.028,1.871,3.647,3.852
13,1,17,0.113,-0.053,-0.053,-0.621,0.516,-0.589,163.566,0.016,1.887,2.159,1.489
13,1,18,0.112,-0.052,-0.054,-0.621,0.516,-0.589,163.566,0.009,1.897,0.000,2.159
14,1,0,0.000,0.000,0.000,0.198,0.979,-0.038,0.000,0.000,0.000,50.000,0.000
14,1,2,0.031,0.155,-0.006,0.090,-0.181,-0.979,97.015,0.332,0.334,45.199,4.801
14,1,3,0.043,0.131,-0.136,0.090,-0.973,-0.213,157.972,0.283,0.617,38.051,7.148
14,1,4,0.052,0.033,-0.158,0.257,-0.300,-0.919,101.985,0.215,0.832,32.225,5.826
14,1,5,0.072,0.010,-0.229,-0.747,0.399,-0.532,74.742,0.166,0.999,28.046,4.178
14,1,6,0.026,0.035,-0.262,0.896,0.294,0.333,63.077,0.135,1.133,24.547,3.500
14,1,7,0.071,0.049,-0.245,0.667,0.608,0.431,44.682,0.111,1.244,21.203,3.344
14,1,8,0.098,0.074,-0.228,-0.887,-0.459,0.057,128.852,0.090,1.334,18.720,2.483
14,1,9,0.068,0.059,-0.226,-0.084,-0.960,0.267,165.278,0.076,1.409,15.763,2.957
14,1,10,0.066,0.034,-0.219,0.324,0.263,-0.909,69.098,0.060,1.470,15.092,0.671
14,1,11,0.074,0.040,-0.241,0.803,-0.549,-0.232,111.702,0.057,1.527,11.255,3.836
14,1,12,0.086,0.032,-0.244,0.842,-0.053,-0.537,82.230,0.041,1.568,9.465,1.790
14,1,13,0.096,0.031,-0.251,0.886,0.450,0.110,52.230,0.034,1.602,5.471,3.994
14,1,14,0.101,0.034,-0.250,0.041,-0.851,0.524,147.680,0.022,1.624,3.335,2.136
14,1,15,0.101,0.032,-0.249,-0.189,0.596,-0.781,54.869,0.015,1.639,1.348,1.987
14,1,16,0.101,0.032,-0.249,-0.189,0.596,-0.781,54.869,0.005,1.644,0.000,1.348
15,1,0,0.000,0.000,0.000,-0.737,0.192,-0.649,0.000,0.000,0.000,50.000,0.000
15,1,1,-0.001,0.000,-0.001,-0.737,0.192,-0.649,0.000,0.002,0.002,49.947,0.053
15,1,2,-0.116,0.030,-0.103,0.436,-0.825,-0.360,104.243,0.332,0.334,44.231,5.716
15,1,3,-0.060,-0.076,-0.149,0.368,0.906,-0.208,87.805,0.273,0.607,23.962,20.269
15,1,4,-0.043,-0.032,-0.159,-0.983,-0.017,-0.185,32.792,0.107,0.714,21.237,2.725
15,1,5,-0.082,-0.033,-0.166,0.073,0.694,0.716,112.664,0.090,0.804,18.912,2.325
15,1,6,-0.080,-0.009,-0.142,-0.163,-0.450,0.878,122.387,0.077,0.880,16.749,2.163
15,1,7,-0.084,-0.022,-0.118,-0.148,0.210,0.966,118.534,0.065,0.946,14.910,1.839
15,1,8,-0.088,-0.017,-0.095,-0.377,-0.503,-0.777,46.718,0.056,1.002,14.350,0.560
15,1,9,-0.096,-0.028,-0.112,-0.171,-0.895,-0.411,77.265,0.054,1.056,10.990,3.360
15,1,10,-0.098,-0.041,-0.119,-0.692,-0.235,0.683,88.727,0.040,1.095,9.234,1.756
15,1,11,-0.106,-0.044,-0.111,0.163,0.117,0.980,137.145,0.033,1.129,6.758,2.476
15,1,12,-0.105,-0.043,-0.103,-0.715,-0.659,-0.234,56.518,0.026,1.154,5.685,1.073
15,1,13,-0.109,-0.047,-0.105,-0.281,0.421,-0.862,32.079,0.022,1.177,1.517,4.167
15,1,14,-0.110,-0.047,-0.106,-0.281,0.421,-0.862,32.079,0.006,1.182,0.000,1.517
16,1,0,0.000,0.000,0.000,-0.369,-0.734,0.570,0.000,0.000,0.000,50.000,0.000
16,1,2,-0.058,-0.116,0.090,0.107,-0.890,-0.442,68.781,0.332,0.334,46.676,3.324
16,1,3,-0.043,-0.241,0.028,0.930,0.367,0.013,127.271,0.298,0.632,38.213,8.463
16,1,4,0.051,-0.204,0.029,0.091,-0.398,0.913,38.819,0.217,0.849,35.506,2.707
16,1,5,0.059,-0.240,0.112,-0.768,-0.637,-0.070,44.685,0.193,1.042,30.739,4.767
16,1,6,0.004,-0.285,0.107,0.227,0.901,-0.369,162.874,0.155,1.197,28.326,2.413
16,1,7,0.018,-0.229,0.084,0.418,0.892,-0.171,155.084,0.137,1.333,26.731,1.595
16,1,8,0.042,-0.178,0.074,-0.451,0.856,-0.251,127.226,0.125,1.459,23.530,3.201
16,1,9,0.021,-0.137,0.062,-0.212,0.145,0.967,58.467,0.104,1.563,20.233,3.297
16,1,10,0.013,-0.132,0.098,0.422,-0.548,0.722,48.838,0.084,1.647,19.023,1.210
16,1,11,0.028,-0.151,0.122,-0.683,-0.420,0.598,25.682,0.077,1.724,15.720,3.303
16,1,12,0.010,-0.161,0.137,-0.205,0.901,0.383,111.520,0.060,1.784,12.225,3.494
16,1,13,0.007,-0.145,0.144,-0.778,-0.394,-0.489,72.641,0.045,1.829,9.740,2.485
16,1,14,-0.003,-0.150,0.138,0.137,-0.836,-0.532,74.948,0.035,1.864,9.226,0.514
16,1,15,-0.001,-0.160,0.132,-0.096,0.855,-0.510,151.943,0.033,1.898,7.831,1.395
16,1,16,-0.002,-0.152,0.127,-0.143,0.968,0.204,122.798,0.029,1.926,6.258,1.573
16,1,17,-0.003,-0.146,0.128,-0.028,0.423,-0.906,144.728,0.024,1.950,3.621,2.638
16,1,18,-0.003,-0.145,0.126,-0.639,0.597,-0.484,118.587,0.016,1.967,0.000,3.621
17,1,0,0.000,0.000,0.000,0.859,0.293,0.421,0.000,0.000,0.000,50.000,0.000
17,1,2,0.136,0.046,0.067,0.100,-0.984,0.146,98.104,0.332,0.334,30.328,19.672
17,1,3,0.143,-0.023,0.077,-0.243,0.743,0.623,74.259,0.152,0.486,26.084,4.244
17,1,4,0.130,0.018,0.111,0.466,0.864,-0.189,54.990,0.121,0.607,21.567,4.517
17,1,5,0.149,0.054,0.103,0.829,0.104,-0.550,59.264,0.092,0.699,19.147,2.420
17,1,6,0.177,0.057,0.085,-0.165,-0.126,0.978,76.522,0.078,0.777,17.387,1.760
17,1,7,0.172,0.054,0.114,-0.159,-0.462,0.872,84.531,0.069,0.845,13.250,4.138
17,1,8,0.169,0.045,0.131,-0.764,0.643,0.044,116.717,0.049,0.894,12.597,0.653
17,1,9,0.155,0.056,0.131,-0.061,0.529,0.846,62.722,0.046,0.940,12.118,0.478
17,1,10,0.154,0.065,0.146,0.433,-0.026,-0.901,90.817,0.044,0.984,7.395,4.724
17,1,11,0.158,0.065,0.138,0.057,0.881,0.470,59.701,0.027,1.012,5.517,1.878
17,1,12,0.158,0.070,0.141,0.076,-0.361,0.930,69.493,0.022,1.034,1.980,3.537
17,1,13,0.158,0.070,0.142,0.076,-0.361,0.930,69.493,0.008,1.042,0.000,1.980
18,1,0,0.000,0.000,0.000,0.464,0.838,0.287,0.000,0.000,0.000,50.000,0.000
18,1,2,0.074,0.133,0.045,0.684,-0.703,0.195,102.459,0.332,0.334,45.951,4.049
18,1,3,0.167,0.037,0.072,0.532,-0.841,0.098,115.404,0.291,0.625,39.295,6.657
18,1,4,0.223,-0.053,0.083,0.887,-0.442,0.133,85.428,0.226,0.851,33.835,5.459
18,1,5,0.297,-0.089,0.094,-0.033,0.061,0.998,71.230,0.179,1.030,18.422,15.413
18,1,6,0.296,-0.088,0.126,0.899,-0.386,-0.208,88.045,0.074,1.104,16.256,2.166
18,1,7,0.320,-0.098,0.120,-0.122,0.941,-0.317,50.177,0.063,1.167,12.851,3.405
18,1,8,0.318,-0.080,0.114,0.402,-0.320,-0.858,109.135,0.047,1.214,11.306,1.545
18,1,9,0.324,-0.085,0.101,0.684,0.640,-0.350,41.103,0.041,1.255,10.577,0.729
18,1,10,0.334,-0.076,0.096,0.652,-0.587,0.480,92.935,0.038,1.293,5.508,5.069
18,1,11,0.337,-0.079,0.099,0.935,0.291,-0.203,51.708,0.022,1.315,3.120,2.387
18,1,12,0.340,-0.079,0.098,0.890,0.335,-0.310,52.759,0.014,1.330,0.962,2.158
18,1,13,0.340,-0.078,0.098,0.890,0.335,-0.310,52.759,0.003,1.333,0.000,0.962
19,1,0,0.000,0.000,0.000,0.622,-0.772,-0.127,0.000,0.000,0.000,50.000,0.000
19,1,1,0.001,-0.001,-0.000,0.622,-0.772,-0.127,0.000,0.002,0.002,49.955,0.045
19,1,2,0.098,-0.122,-0.020,-0.608,-0.673,-0.422,78.768,0.332,0.334,42.623,7.332
19,1,3,0.025,-0.204,-0.071,-0.358,0.689,0.631,146.561,0.258,0.591,37.023,5.600
19,1,4,-0.010,-0.137,-0.010,-0.910,0.388,-0.145,147.962,0.206,0.797,26.198,10.824
19,1,5,-0.060,-0.116,-0.018,0.153,-0.263,-0.952,65.204,0.122,0.919,23.523,2.675
19,1,6,-0.053,-0.128,-0.063,0.172,-0.982,-0.082,28.903,0.104,1.023,20.963,2.560
19,1,7,-0.046,-0.167,-0.066,0.683,-0.728,0.062,11.669,0.088,1.112,18.348,2.614
19,1,8,-0.024,-0.190,-0.064,-0.908,-0.396,0.137,106.041,0.074,1.185,16.158,2.191
19,1,9,-0.048,-0.200,-0.061,0.984,-0.073,-0.163,46.440,0.062,1.247,15.321,0.836
19,1,10,-0.024,-0.202,-0.065,0.996,0.054,-0.070,54.055,0.058,1.306,13.295,2.027
19,1,11,-0.005,-0.201,-0.066,0.025,0.981,-0.191,135.907,0.049,1.355,12.113,1.181
19,1,12,-0.004,-0.184,-0.069,0.132,0.542,0.830,116.208,0.044,1.399,9.205,2.909
19,1,13,-0.003,-0.178,-0.060,0.593,-0.731,0.337,26.971,0.033,1.432,7.506,1.699
19,1,14,0.002,-0.184,-0.057,0.158,-0.438,0.885,71.054,0.028,1.460,5.971,1.535
19,1,15,0.003,-0.187,-0.051,-0.466,0.648,0.602,150.143,0.023,1.483,5.388,0.583
19,1,16,0.001,-0.183,-0.048,-0.675,-0.583,0.452,91.538,0.022,1.505,3.623,1.765
19,1,17,-0.001,-0.185,-0.047,-0.534,0.215,0.818,126.995,0.016,1.521,2.769,0.854
19,1,18,-0.002,-0.185,-0.045,0.871,-0.316,-0.375,33.489,0.013,1.534,1.687,1.082
19,1,19,-0.001,-0.185,-0.046,0.871,-0.316,-0.375,33.489,0.007,1.540,0.000,1.687
20,1,0,0.000,0.000,0.000,0.893,0.255,-0.372,0.000,0.000,0.000,50.000,0.000
20,1,2,0.141,0.040,-0.059,0.965,-0.211,-0.159,29.986,0.332,0.334,19.320,30.680
20,1,3,0.175,0.033,-0.064,-0.681,0.133,0.720,147.341,0.079,0.413,17.058,2.262
20,1,4,0.155,0.037,-0.044,-0.592,0.616,0.520,124.379,0.067,0.480,14.986,2.072
20,1,5,0.141,0.051,-0.032,0.724,0.012,0.689,66.869,0.057,0.536,10.952,4.034
20,1,6,0.152,0.052,-0.021,-0.304,0.952,-0.047,90.670,0.040,0.576,6.172,4.780
20,1,7,0.150,0.058,-0.022,0.467,0.211,-0.859,37.800,0.024,0.600,4.509,1.663
20,1,8,0.152,0.058,-0.025,-0.831,0.214,0.514,151.415,0.019,0.619,2.044,2.465
20,1,9,0.151,0.059,-0.024,-0.831,0.214,0.514,151.415,0.009,0.628,0.000,2.044
21,1,0,0.000,0.000,0.000,0.007,0.472,0.882,0.000,0.000,0.000,50.000,0.000
21,1,2,-0.014,0.038,0.153,-0.052,0.988,-0.145,70.246,0.332,0.334,43.173,6.827
21,1,3,-0.021,0.160,0.135,0.288,0.402,-0.869,125.036,0.263,0.597,34.405,8.769
21,1,4,0.004,0.194,0.061,0.895,-0.441,0.072,97.919,0.184,0.781,29.766,4.639
21,1,5,0.065,0.164,0.066,0.563,0.196,0.803,36.465,0.147,0.928,26.915,2.851
21,1,6,0.097,0.176,0.112,-0.077,-0.811,0.580,82.668,0.127,1.055,25.000,1.916
21,1,7,0.093,0.134,0.142,-0.875,-0.313,-0.371,118.747,0.114,1.169,22.801,2.199
21,1,8,0.054,0.120,0.126,0.209,0.935,-0.287,79.076,0.099,1.268,20.747,2.054
21,1,9,0.062,0.156,0.114,-0.664,0.237,-0.709,121.170,0.087,1.355,19.243,1.504
21,1,10,0.040,0.164,0.090,-0.651,0.095,-0.754,128.647,0.079,1.434,16.113,3.130
21,1,11,0.023,0.167,0.070,0.802,0.527,0.281,59.879,0.062,1.496,14.206,1.907
21,1,12,0.040,0.178,0.076,0.762,-0.627,0.163,98.399,0.053,1.549,9.229,4.977
21,1,13,0.049,0.171,0.078,0.533,-0.544,-0.648,145.514,0.033,1.582,7.117,2.112
21,1,14,0.053,0.167,0.073,-0.767,-0.466,0.442,80.552,0.027,1.609,5.514,1.602
21,1,15,0.049,0.164,0.076,0.975,-0.216,0.042,93.289,0.022,1.631,3.822,1.693
21,1,16,0.052,0.163,0.076,0.498,-0.166,0.851,47.458,0.017,1.648,1.925,1.896
21,1,17,0.053,0.163,0.077,0.498,-0.166,0.851,47.458,0.008,1.656,0.000,1.925
22,1,0,0.000,0.000,0.000,-0.005,0.722,-0.692,0.000,0.000,0.000,50.000,0.000
22,1,1,-0.000,0.001,-0.001,-0.005,0.722,-0.692,0.000,0.002,0.002,49.926,0.074
22,1,2,-0.001,0.114,-0.109,-0.575,-0.451,-0.683,81.361,0.332,0.333,43.464,6.462
22,1,3,-0.073,0.058,-0.195,0.669,-0.688,-0.282,107.717,0.266,0.599,39.069,4.395
22,1,4,-0.002,-0.015,-0.224,-0.227,0.686,0.692,89.015,0.224,0.824,36.814,2.255
22,1,5,-0.024,0.051,-0.158,0.389,-0.370,-0.844,71.601,0.204,1.028,34.485,2.330
22,1,6,0.010,0.019,-0.231,0.606,-0.259,-0.752,70.678,0.185,1.212,32.270,2.215
22,1,7,0.056,-0.001,-0.289,-0.983,-0.114,-0.145,88.695,0.167,1.379,28.421,3.848
22,1,8,-0.006,-0.008,-0.298,-0.999,-0.008,-0.046,88.226,0.138,1.517,26.271,2.150
22,1,9,-0.061,-0.009,-0.301,-0.695,-0.368,-0.618,80.459,0.122,1.639,23.492,2.779
22,1,10,-0.094,-0.026,-0.330,0.388,0.726,0.569,82.643,0.104,1.743,21.182,2.310
22,1,11,-0.079,0.003,-0.307,0.906,0.422,-0.038,70.938,0.090,1.832,17.053,4.129
22,1,12,-0.053,0.015,-0.308,0.973,0.228,0.040,82.368,0.067,1.899,15.144,1.910
22,1,13,-0.029,0.021,-0.307,0.865,-0.470,0.172,117.572,0.057,1.957,12.894,2.249
22,1,14,-0.013,0.012,-0.304,0.392,-0.905,0.165,140.277,0.047,2.004,12.405,0.489
22,1,15,-0.006,-0.004,-0.301,-0.485,0.129,-0.865,46.063,0.045,2.049,10.203,2.202
22,1,16,-0.013,-0.003,-0.312,0.096,0.799,-0.593,9.241,0.037,2.086,8.915,1.288
22,1,17,-0.012,0.006,-0.319,0.389,0.594,-0.704,23.911,0.032,2.118,6.703,2.212
22,1,18,-0.009,0.011,-0.324,0.069,-0.667,0.742,174.390,0.025,2.144,2.952,3.751
22,1,19,-0.009,0.009,-0.322,0.738,0.574,0.356,80.552,0.014,2.157,0.000,2.952
23,1,0,0.000,0.000,0.000,-0.832,-0.494,0.252,0.000,0.000,0.000,50.000,0.000
23,1,2,-0.132,-0.078,0.040,0.177,0.193,0.965,89.973,0.332,0.334,42.491,7.509
23,1,3,-0.111,-0.055,0.156,-0.040,-0.953,0.299,54.604,0.256,0.591,37.332,5.159
23,1,4,-0.114,-0.148,0.185,-0.985,0.131,-0.115,43.477,0.209,0.799,36.021,1.311
23,1,5,-0.205,-0.136,0.175,-0.629,-0.326,0.705,30.415,0.197,0.997,28.435,7.586
23,1,6,-0.245,-0.157,0.219,0.684,0.696,0.221,148.969,0.138,1.135,24.027,4.408
23,1,7,-0.212,-0.123,0.230,-0.215,0.851,-0.480,111.246,0.107,1.242,18.300,5.727
23,1,8,-0.219,-0.096,0.215,-0.989,-0.073,-0.129,34.232,0.073,1.315,14.989,3.311
23,1,9,-0.242,-0.098,0.212,-0.788,-0.545,0.287,4.375,0.057,1.372,13.270,1.719
23,1,10,-0.257,-0.108,0.217,0.199,0.409,-0.891,126.290,0.049,1.421,10.578,2.692
23,1,11,-0.255,-0.102,0.205,-0.230,-0.660,-0.715,70.278,0.038,1.459,7.710,2.868
23,1,12,-0.257,-0.108,0.198,-0.810,0.354,0.468,51.937,0.028,1.487,6.977,0.733
23,1,13,-0.263,-0.106,0.202,-0.172,0.369,-0.914,105.606,0.026,1.513,3.482,3.495
23,1,14,-0.263,-0.105,0.199,-0.489,0.142,-0.861,83.117,0.016,1.529,0.537,2.945
23,1,15,-0.263,-0.105,0.199,-0.489,0.142,-0.861,83.117,0.001,1.531,0.000,0.537
24,1,0,0.000,0.000,0.000,-0.048,-0.243,-0.969,0.000,0.000,0.000,50.000,0.000
24,1,1,-0.000,-0.000,-0.002,-0.048,-0.243,-0.969,0.000,0.002,0.002,49.787,0.213
24,1,2,-0.008,-0.038,-0.152,-0.469,-0.870,-0.152,67.585,0.330,0.332,41.721,8.066
24,1,3,-0.062,-0.140,-0.170,-0.821,0.249,0.513,121.222,0.249,0.581,38.754,2.967
24,1,4,-0.147,-0.114,-0.117,0.158,0.536,0.829,160.277,0.222,0.802,33.801,4.954
24,1,5,-0.134,-0.070,-0.048,-0.042,0.756,-0.653,63.219,0.179,0.981,31.773,2.027
24,1,6,-0.138,-0.013,-0.097,-0.303,0.441,0.845,155.669,0.163,1.144,29.034,2.740
24,1,7,-0.157,0.016,-0.042,0.430,0.228,0.874,157.273,0.142,1.286,26.511,2.522
24,1,8,-0.133,0.029,0.008,-0.156,0.658,0.737,150.036,0.124,1.410,24.158,2.353
24,1,9,-0.141,0.061,0.044,0.503,-0.433,0.748,130.053,0.108,1.518,20.224,3.934
24,1,10,-0.122,0.045,0.071,-0.170,0.944,-0.284,86.896,0.084,1.602,15.523,4.701
24,1,11,-0.126,0.069,0.064,-0.918,0.064,0.392,110.578,0.059,1.661,13.428,2.095
24,1,12,-0.145,0.070,0.072,-0.363,-0.284,0.887,140.651,0.050,1.711,8.316,5.112
24,1,13,-0.148,0.067,0.081,0.276,-0.263,-0.925,18.821,0.030,1.741,4.764,3.551
24,1,14,-0.147,0.066,0.077,-0.782,-0.612,0.117,85.803,0.020,1.761,3.239,1.525
24,1,15,-0.149,0.064,0.077,0.666,0.579,-0.469,73.622,0.015,1.776,0.000,3.239
25,1,0,0.000,0.000,0.000,0.655,0.047,0.754,0.000,0.000,0.000,50.000,0.000
25,1,2,0.104,0.007,0.119,0.480,-0.329,0.813,24.165,0.332,0.334,35.252,14.748
25,1,3,0.147,-0.022,0.192,0.726,-0.076,-0.684,92.497,0.191,0.525,29.840,5.412
25,1,4,0.196,-0.027,0.145,0.604,-0.666,-0.438,88.009,0.148,0.673,22.664,7.176
25,1,5,0.223,-0.056,0.126,-0.736,-0.517,-0.437,146.728,0.099,0.772,17.896,4.769
25,1,6,0.200,-0.072,0.112,-0.327,0.887,0.327,85.729,0.071,0.843,14.427,3.469
25,1,7,0.193,-0.053,0.120,-0.936,0.176,-0.305,146.630,0.054,0.897,12.522,1.905
25,1,8,0.176,-0.050,0.114,0.551,0.814,0.186,57.360,0.046,0.943,10.422,2.100
25,1,9,0.184,-0.038,0.117,-0.480,-0.877,-0.034,112.414,0.038,0.980,8.451,1.970
25,1,10,0.179,-0.047,0.116,-0.627,0.369,0.686,82.898,0.031,1.011,6.268,2.184
25,1,11,0.175,-0.045,0.121,-0.104,-0.934,0.342,81.642,0.024,1.035,3.640,2.627
25,1,12,0.174,-0.048,0.122,0.618,-0.471,0.629,30.998,0.016,1.051,0.000,3.640
26,1,0,0.000,0.000,0.000,-0.346,0.204,0.916,0.000,0.000,0.000,50.000,0.000
26,1,2,-0.028,-0.029,0.153,-0.712,0.660,-0.238,80.618,0.332,0.334,44.111,5.889
26,1,3,-0.119,0.056,0.123,0.007,0.912,-0.411,101.098,0.272,0.606,40.480,3.631
26,1,4,-0.119,0.157,0.077,-0.269,0.836,-0.478,99.974,0.237,0.844,36.678,3.802
26,1,5,-0.144,0.237,0.031,0.919,-0.031,0.392,88.012,0.203,1.047,33.858,2.819
26,1,6,-0.067,0.234,0.064,0.197,0.758,0.621,49.040,0.179,1.226,31.778,2.081
26,1,7,-0.053,0.291,0.111,-0.681,-0.330,0.654,39.906,0.163,1.389,30.230,1.548
26,1,8,-0.100,0.268,0.157,-0.203,-0.452,0.868,39.379,0.151,1.540,29.152,1.077
26,1,9,-0.113,0.238,0.214,-0.499,0.569,0.653,27.455,0.143,1.683,22.796,6.356
26,1,10,-0.136,0.264,0.243,-0.802,0.420,0.425,41.213,0.099,1.782,19.590,3.206
26,1,11,-0.164,0.279,0.258,0.271,0.893,0.359,65.292,0.080,1.863,15.664,3.926
26,1,12,-0.157,0.301,0.267,0.608,-0.406,0.682,70.682,0.060,1.923,14.404,1.260
26,1,13,-0.144,0.292,0.282,0.448,0.697,0.560,59.993,0.054,1.977,12.030,2.374
26,1,14,-0.136,0.304,0.292,0.438,-0.496,-0.750,159.960,0.044,2.020,10.507,1.523
26,1,15,-0.130,0.297,0.281,0.511,0.854,0.099,84.917,0.038,2.058,7.824,2.682
26,1,16,-0.125,0.305,0.282,0.293,-0.345,-0.892,171.252,0.029,2.087,4.297,3.527
26,1,17,-0.124,0.303,0.279,0.725,-0.343,0.597,76.961,0.018,2.105,2.441,1.856
26,1,18,-0.123,0.303,0.280,0.033,0.945,0.326,61.271,0.011,2.117,1.951,0.490
26,1,19,-0.123,0.304,0.280,0.033,0.945,0.326,61.271,0.008,2.125,0.000,1.951
27,1,0,0.000,0.000,0.000,-0.201,0.146,0.969,0.000,0.000,0.000,50.000,0.000
27,1,2,-0.032,0.023,0.153,0.843,0.504,-0.189,106.220,0.332,0.334,46.222,3.778
27,1,3,0.084,0.093,0.127,-0.402,0.215,-0.890,138.562,0.293,0.627,38.184,8.038
27,1,4,0.044,0.114,0.037,-0.129,-0.982,-0.135,104.399,0.216,0.844,35.880,2.304
27,1,5,0.032,0.024,0.025,-0.133,-0.866,0.482,68.475,0.196,1.040,32.086,3.794
27,1,6,0.022,-0.042,0.062,0.875,0.362,-0.322,115.800,0.165,1.205,25.887,6.198
27,1,7,0.069,-0.022,0.044,0.511,-0.654,-0.557,137.586,0.120,1.325,22.482,3.405
27,1,8,0.092,-0.051,0.020,-0.849,0.476,-0.228,88.886,0.097,1.422,19.020,3.462
27,1,9,0.063,-0.035,0.012,0.677,-0.087,-0.731,148.998,0.077,1.500,16.473,2.547
27,1,10,0.081,-0.037,-0.008,-0.075,-0.943,-0.325,115.935,0.064,1.564,13.602,2.871
27,1,11,0.080,-0.056,-0.014,-0.297,0.580,-0.758,126.151,0.050,1.614,11.896,1.706
27,1,12,0.075,-0.047,-0.027,0.619,0.557,-0.554,125.429,0.043,1.657,9.885,2.010
27,1,13,0.083,-0.039,-0.034,-0.269,0.884,-0.382,100.755,0.036,1.693,7.819,2.066
27,1,14,0.080,-0.031,-0.038,0.728,0.654,-0.208,104.605,0.029,1.722,5.827,1.992
27,1,15,0.085,-0.028,-0.039,-0.671,0.663,0.331,56.472,0.023,1.744,3.437,2.390
27,1,16,0.083,-0.026,-0.038,0.217,0.012,0.976,25.348,0.016,1.760,0.000,3.437
28,1,0,0.000,0.000,0.000,-0.258,0.562,0.786,0.000,0.000,0.000,50.000,0.000
28,1,2,-0.041,0.089,0.125,0.821,-0.557,0.126,115.172,0.332,0.334,40.639,9.361
28,1,3,0.051,0.027,0.139,-0.289,-0.792,0.538,87.001,0.239,0.573,37.526,3.113
28,1,4,0.023,-0.051,0.192,0.555,0.025,-0.832,141.519,0.211,0.784,33.337,4.189
28,1,5,0.068,-0.049,0.124,0.308,0.008,-0.951,145.366,0.175,0.959,29.488,3.849
28,1,6,0.088,-0.049,0.060,-0.630,-0.130,-0.766,120.851,0.145,1.104,26.052,3.436
28,1,7,0.054,-0.056,0.018,0.433,0.060,0.900,50.981,0.121,1.225,22.869,3.183
28,1,8,0.073,-0.053,0.058,-0.909,-0.292,0.297,72.336,0.100,1.325,19.176,3.693
28,1,9,0.042,-0.063,0.069,0.962,0.270,0.032,94.077,0.078,1.403,16.179,2.997
28,1,10,0.068,-0.056,0.069,0.815,-0.210,0.540,84.440,0.062,1.465,15.174,1.005
28,1,11,0.087,-0.061,0.082,-0.847,0.532,0.023,57.646,0.058,1.523,13.289,1.885
28,1,12,0.070,-0.051,0.083,-0.321,0.830,0.456,24.842,0.049,1.572,10.311,2.978
28,1,13,0.066,-0.040,0.089,-0.408,0.751,-0.519,83.144,0.037,1.609,7.215,3.096
28,1,14,0.063,-0.034,0.085,-0.837,0.157,-0.524,96.207,0.027,1.636,6.696,0.519
28,1,15,0.057,-0.032,0.081,-0.247,-0.057,0.967,37.599,0.025,1.661,4.711,1.985
28,1,16,0.056,-0.033,0.085,-0.018,0.036,-0.999,139.547,0.020,1.681,0.963,3.748
28,1,17,0.056,-0.033,0.085,-0.018,0.036,-0.999,139.547,0.003,1.684,0.000,0.963
29,1,0,0.000,0.000,0.000,0.717,-0.683,0.139,0.000,0.000,0.000,50.000,0.000
29,1,2,0.101,-0.120,0.023,0.675,-0.692,0.254,7.048,0.332,0.334,47.323,2.677
29,1,3,0.198,-0.219,0.060,0.965,0.212,-0.152,58.257,0.305,0.639,43.561,3.762
29,1,4,0.319,-0.192,0.041,0.275,0.465,-0.842,103.720,0.267,0.905,39.914,3.648
29,1,5,0.349,-0.142,-0.051,-0.544,-0.240,-0.804,109.768,0.232,1.138,36.464,3.449
29,1,6,0.298,-0.164,-0.126,-0.768,-0.579,0.273,96.763,0.201,1.339,34.371,2.093
29,1,7,0.232,-0.214,-0.103,-0.548,0.504,0.668,130.116,0.184,1.523,30.400,3.971
29,1,8,0.193,-0.178,-0.056,-0.112,0.729,-0.675,132.214,0.152,1.675,24.800,5.600
29,1,9,0.188,-0.141,-0.091,-0.389,0.424,-0.818,133.024,0.112,1.787,17.703,7.098
29,1,10,0.176,-0.128,-0.115,-0.743,0.665,-0.075,175.907,0.070,1.857,7.420,10.283
29,1,11,0.170,-0.123,-0.116,-0.196,0.388,-0.901,122.049,0.028,1.885,3.942,3.478
29,1,12,0.169,-0.121,-0.119,-0.239,0.364,0.900,107.141,0.017,1.902,0.262,3.680
29,1,13,0.169,-0.121,-0.119,-0.239,0.364,0.900,107.141,0.001,1.903,0.000,0.262
30,1,0,0.000,0.000,0.000,-0.547,0.660,-0.515,0.000,0.000,0.000,50.000,0.000
30,1,2,-0.087,0.104,-0.082,-0.870,-0.171,-0.462,53.037,0.332,0.334,47.029,2.971
30,1,3,-0.210,0.080,-0.147,0.098,-0.433,0.896,143.252,0.302,0.636,41.638,5.391
30,1,4,-0.199,0.030,-0.043,-0.685,0.497,0.533,64.658,0.248,0.884,36.575,5.063
30,1,5,-0.263,0.077,0.007,-0.943,0.248,0.224,55.684,0.202,1.086,32.199,4.376
30,1,6,-0.336,0.096,0.025,-0.255,-0.525,-0.812,77.776,0.166,1.252,29.578,2.621
30,1,7,-0.353,0.060,-0.030,0.621,-0.729,-0.287,132.302,0.146,1.398,27.617,1.961
30,1,8,-0.316,0.016,-0.047,-0.573,0.798,0.187,41.960,0.132,1.530,24.145,3.472
30,1,9,-0.344,0.055,-0.038,0.589,-0.444,0.675,164.398,0.108,1.638,20.072,4.072
30,1,10,-0.322,0.039,-0.013,0.183,0.974,0.132,61.654,0.083,1.721,14.198,5.874
30,1,11,-0.318,0.060,-0.010,0.458,-0.490,-0.742,101.030,0.053,1.774,12.050,2.148
30,1,12,-0.310,0.052,-0.023,-0.643,-0.745,0.178,103.392,0.044,1.818,10.923,1.127
30,1,13,-0.320,0.041,-0.020,0.787,0.515,0.340,105.404,0.039,1.858,8.768,2.155
30,1,14,-0.311,0.046,-0.017,-0.425,-0.791,0.440,121.053,0.032,1.889,7.488,1.279
30,1,15,-0.315,0.040,-0.013,-0.067,-0.730,-0.680,95.430,0.028,1.917,5.322,2.166
30,1,16,-0.315,0.036,-0.017,0.373,-0.924,0.086,149.056,0.021,1.938,2.299,3.023
30,1,17,-0.315,0.034,-0.016,-0.189,0.866,-0.463,24.055,0.010,1.949,0.246,2.053
30,1,18,-0.315,0.035,-0.017,-0.189,0.866,-0.463,24.055,0.001,1.949,0.000,0.246
31,1,0,0.000,0.000,0.000,0.213,0.504,0.837,0.000,0.000,0.000,50.000,0.000
31,1,2,0.034,0.080,0.133,0.841,0.245,0.482,45.088,0.332,0.334,41.214,8.786
31,1,3,0.130,0.108,0.188,0.126,0.423,-0.897,120.776,0.244,0.578,34.477,6.737
31,1,4,0.141,0.144,0.111,-0.783,-0.156,-0.602,138.531,0.184,0.763,31.814,2.663
31,1,5,0.082,0.132,0.065,-0.784,0.072,-0.616,130.250,0.163,0.926,27.978,3.836
31,1,6,0.033,0.137,0.027,0.290,-0.566,-0.772,150.431,0.134,1.060,23.553,4.425
31,1,7,0.047,0.110,-0.009,0.099,-0.994,-0.036,120.636,0.104,1.164,15.079,8.474
31,1,8,0.049,0.087,-0.010,0.638,0.416,-0.648,101.430,0.057,1.222,13.046,2.033
31,1,9,0.062,0.095,-0.022,0.537,-0.649,-0.539,131.597,0.048,1.269,9.312,3.734
31,1,10,0.068,0.087,-0.029,0.228,-0.425,-0.876,154.033,0.034,1.303,8.950,0.361
31,1,11,0.070,0.082,-0.038,-0.603,-0.519,-0.606,153.776,0.032,1.336,7.559,1.392
31,1,12,0.065,0.078,-0.043,-0.660,0.720,-0.215,87.592,0.028,1.364,6.415,1.143
31,1,13,0.061,0.083,-0.045,0.678,-0.223,-0.700,123.664,0.024,1.388,5.449,0.966
31,1,14,0.064,0.081,-0.049,0.252,-0.102,-0.962,143.495,0.022,1.410,2.924,2.525
31,1,15,0.065,0.081,-0.051,0.621,0.488,-0.613,97.809,0.014,1.423,1.607,1.317
31,1,16,0.065,0.082,-0.051,0.621,0.488,-0.613,97.809,0.006,1.429,0.000,1.607
32,1,0,0.000,0.000,0.000,0.272,-0.401,-0.875,0.000,0.000,0.000,50.000,0.000
32,1,2,0.043,-0.063,-0.139,0.818,-0.395,-0.417,41.767,0.332,0.334,44.834,5.166
32,1,3,0.151,-0.115,-0.193,0.850,0.520,-0.082,84.553,0.279,0.613,34.696,10.138
32,1,4,0.224,-0.070,-0.200,-0.885,0.286,-0.366,92.007,0.186,0.800,31.429,3.266
32,1,5,0.159,-0.049,-0.228,0.034,-0.910,0.413,89.295,0.160,0.960,27.330,4.099
32,1,6,0.161,-0.103,-0.203,0.095,-0.743,-0.663,25.407,0.130,1.090,25.232,2.099
32,1,7,0.166,-0.142,-0.238,-0.739,0.652,0.171,127.697,0.115,1.205,21.560,3.671
32,1,8,0.136,-0.115,-0.231,-0.397,-0.251,-0.883,40.062,0.092,1.297,19.181,2.379
32,1,9,0.122,-0.124,-0.261,0.381,-0.140,0.914,129.777,0.078,1.375,17.113,2.068
32,1,10,0.133,-0.128,-0.235,0.023,-0.220,0.975,139.397,0.067,1.442,13.794,3.319
32,1,11,0.133,-0.132,-0.214,-0.503,-0.105,-0.858,49.052,0.051,1.493,12.051,1.743
32,1,12,0.125,-0.134,-0.229,-0.903,-0.424,-0.067,90.981,0.044,1.537,9.422,2.628
32,1,13,0.114,-0.139,-0.230,0.297,0.755,-0.584,73.194,0.034,1.571,7.690,1.733
32,1,14,0.117,-0.133,-0.235,0.060,0.880,0.472,138.508,0.028,1.599,7.327,0.362
32,1,15,0.117,-0.125,-0.231,-0.648,0.576,0.498,147.428,0.027,1.627,5.998,1.330
32,1,16,0.113,-0.122,-0.228,-0.779,0.520,-0.350,96.516,0.023,1.650,3.090,2.907
32,1,17,0.111,-0.121,-0.229,-0.297,-0.752,-0.588,42.713,0.014,1.664,1.189,1.901
32,1,18,0.111,-0.121,-0.229,-0.297,-0.752,-0.588,42.713,0.004,1.668,0.000,1.189
33,1,0,0.000,0.000,0.000,-0.951,-0.195,0.240,0.000,0.000,0.000,50.000,0.000
33,1,1,-0.002,-0.000,0.000,-0.945,-0.270,0.183,5.445,0.002,0.002,49.976,0.024
33,1,2,-0.150,-0.043,0.029,0.087,0.712,-0.697,112.841,0.332,0.334,45.793,4.183
33,1,3,-0.138,0.054,-0.066,0.796,-0.598,0.095,128.127,0.289,0.623,41.399,4.395
33,1,4,-0.046,-0.015,-0.055,-0.974,0.057,0.219,14.590,0.246,0.869,38.754,2.644
33,1,5,-0.147,-0.009,-0.032,0.225,0.882,-0.414,118.992,0.222,1.090,33.969,4.785
33,1,6,-0.128,0.065,-0.067,-0.140,0.630,0.764,78.794,0.180,1.271,24.864,9.105
33,1,7,-0.135,0.097,-0.028,-0.841,0.205,0.500,28.305,0.113,1.383,21.459,3.405
33,1,8,-0.170,0.106,-0.007,-0.450,-0.869,-0.205,56.802,0.091,1.475,17.257,4.201
33,1,9,-0.183,0.080,-0.013,-0.025,0.606,0.795,84.430,0.068,1.543,13.210,4.047
33,1,10,-0.183,0.092,0.002,0.292,-0.911,-0.292,99.848,0.049,1.591,10.188,3.022
33,1,11,-0.179,0.080,-0.002,0.942,0.069,0.328,146.156,0.037,1.628,9.205,0.984
33,1,12,-0.168,0.081,0.002,0.971,0.145,-0.191,175.854,0.033,1.661,6.650,2.555
33,1,13,-0.161,0.082,0.001,0.892,0.218,-0.395,170.413,0.025,1.686,4.415,2.235
33,1,14,-0.158,0.083,-0.001,0.044,0.638,0.769,88.922,0.019,1.705,2.831,1.585
33,1,15,-0.158,0.084,0.001,0.860,-0.206,0.468,131.691,0.013,1.718,0.000,2.831
34,1,0,0.000,0.000,0.000,-0.663,0.745,0.073,0.000,0.000,0.000,50.000,0.000
34,1,1,-0.001,0.001,0.000,-0.663,0.745,0.073,0.000,0.002,0.002,49.970,0.030
34,1,2,-0.105,0.118,0.012,0.834,-0.185,0.520,130.705,0.332,0.334,43.144,6.825
34,1,3,-0.002,0.095,0.076,0.534,0.210,0.819,97.909,0.263,0.597,37.758,5.386
34,1,4,0.051,0.116,0.157,0.808,0.442,-0.389,103.547,0.213,0.809,35.648,2.110
34,1,5,0.124,0.156,0.122,0.559,-0.126,-0.819,121.656,0.194,1.003,27.775,7.873
34,1,6,0.159,0.148,0.072,-0.450,0.022,-0.893,75.554,0.133,1.136,24.625,3.149
34,1,7,0.136,0.149,0.027,-0.008,-0.977,0.215,135.006,0.111,1.248,20.834,3.791
34,1,8,0.136,0.112,0.035,-0.932,-0.355,0.068,69.040,0.088,1.335,18.484,2.350
34,1,9,0.105,0.100,0.038,0.655,0.691,-0.306,86.638,0.074,1.409,14.227,4.257
34,1,10,0.120,0.115,0.031,0.581,0.812,-0.048,77.471,0.053,1.463,11.871,2.356
34,1,11,0.129,0.129,0.030,-0.713,0.668,0.214,9.627,0.043,1.506,9.201,2.669
34,1,12,0.121,0.136,0.033,0.142,-0.657,-0.740,129.648,0.033,1.539,7.827,1.375
34,1,13,0.122,0.130,0.026,0.638,0.741,-0.210,83.463,0.029,1.568,6.090,1.736
34,1,14,0.126,0.135,0.025,-0.467,-0.179,-0.866,83.520,0.024,1.591,5.317,0.773
34,1,15,0.124,0.134,0.020,-0.453,-0.827,0.333,106.987,0.021,1.613,2.384,2.934
34,1,16,0.123,0.133,0.021,-0.855,0.354,-0.380,36.674,0.011,1.624,0.000,2.384
35,1,0,0.000,0.000,0.000,-0.525,-0.800,0.291,0.000,0.000,0.000,50.000,0.000
35,1,2,-0.102,-0.118,0.029,0.145,-0.087,-0.986,107.082,0.332,0.334,40.221,9.779
35,1,3,-0.086,-0.127,-0.080,-0.238,0.362,-0.901,115.285,0.235,0.569,36.057,4.164
35,1,4,-0.108,-0.094,-0.163,0.987,-0.142,0.080,112.394,0.198,0.767,27.244,8.814
35,1,5,-0.050,-0.102,-0.158,-0.574,-0.577,0.581,21.278,0.129,0.896,22.278,4.965
35,1,6,-0.074,-0.127,-0.133,-0.725,0.622,0.295,91.796,0.096,0.992,20.097,2.181
35,1,7,-0.101,-0.104,-0.122,-0.436,-0.818,-0.376,39.336,0.083,1.075,17.275,2.823
35,1,8,-0.114,-0.128,-0.133,-0.695,-0.613,-0.375,41.753,0.068,1.143,16.085,1.190
35,1,9,-0.132,-0.144,-0.143,0.016,0.768,-0.641,143.997,0.062,1.205,14.705,1.380
35,1,10,-0.132,-0.127,-0.158,-0.265,0.909,0.322,119.607,0.055,1.261,13.645,1.060
35,1,11,-0.137,-0.108,-0.151,-0.550,0.684,0.479,96.833,0.051,1.311,12.311,1.334
35,1,12,-0.147,-0.096,-0.143,-0.908,-0.348,-0.234,46.653,0.045,1.356,8.634,3.677
35,1,13,-0.156,-0.100,-0.145,0.382,-0.268,0.884,74.289,0.031,1.388,7.860,0.775
35,1,14,-0.153,-0.102,-0.137,0.278,0.929,0.245,144.831,0.029,1.416,7.266,0.594
35,1,15,-0.150,-0.095,-0.135,0.465,-0.876,-0.128,65.203,0.027,1.443,6.112,1.154
35,1,16,-0.147,-0.100,-0.136,-0.636,-0.028,0.772,54.516,0.024,1.467,3.207,2.905
35,1,17,-0.149,-0.100,-0.134,0.513,0.381,-0.769,142.921,0.015,1.482,2.244,0.963
35,1,18,-0.148,-0.100,-0.135,0.513,0.381,-0.769,142.921,0.010,1.492,0.000,2.244
36,1,0,0.000,0.000,0.000,0.017,-0.439,0.898,0.000,0.000,0.000,50.000,0.000
36,1,2,0.003,-0.069,0.142,0.697,0.446,-0.562,133.494,0.332,0.334,42.440,7.560
36,1,3,0.086,-0.016,0.075,-0.142,0.360,0.922,48.091,0.256,0.590,37.650,4.789
36,1,4,0.072,0.020,0.166,-0.670,-0.720,-0.179,81.759,0.212,0.802,33.934,3.716
36,1,5,0.016,-0.041,0.151,-0.052,0.989,0.136,108.237,0.180,0.982,31.188,2.746
36,1,6,0.012,0.032,0.161,0.146,0.626,0.766,65.426,0.158,1.140,28.986,2.202
36,1,7,0.022,0.073,0.211,0.431,-0.098,0.897,31.070,0.142,1.282,22.241,6.745
36,1,8,0.041,0.068,0.249,-0.786,0.498,-0.366,124.113,0.096,1.378,21.166,1.075
36,1,9,0.009,0.088,0.235,0.518,0.272,-0.811,147.040,0.089,1.467,20.200,0.967
36,1,10,0.028,0.098,0.205,0.262,-0.965,0.027,63.111,0.084,1.551,17.398,2.802
36,1,11,0.036,0.070,0.206,0.361,-0.026,0.932,31.232,0.069,1.620,15.239,2.158
36,1,12,0.045,0.069,0.228,-0.721,-0.502,0.477,50.446,0.058,1.677,13.209,2.031
36,1,13,0.031,0.060,0.237,-0.973,-0.187,-0.138,93.378,0.049,1.726,11.180,2.029
36,1,14,0.016,0.057,0.235,-0.792,0.147,0.593,62.934,0.040,1.767,10.494,0.686
36,1,15,0.005,0.059,0.244,0.308,-0.813,-0.494,94.689,0.038,1.804,9.431,1.062
36,1,16,0.009,0.049,0.238,0.038,-0.213,0.976,13.745,0.034,1.838,7.965,1.467
36,1,17,0.009,0.047,0.247,-0.514,-0.852,-0.096,73.799,0.029,1.868,6.051,1.914
36,1,18,0.006,0.042,0.246,-0.501,0.127,0.856,45.202,0.023,1.891,5.515,0.536
36,1,19,0.003,0.042,0.251,0.331,-0.797,-0.505,95.666,0.022,1.913,4.681,0.834
36,1,20,0.004,0.039,0.249,0.415,0.892,-0.181,123.111,0.019,1.933,3.525,1.156
36,1,21,0.006,0.042,0.248,0.447,-0.073,0.891,32.777,0.016,1.948,0.000,3.525
37,1,0,0.000,0.000,0.000,-0.128,-0.943,-0.307,0.000,0.000,0.000,50.000,0.000
37,1,2,-0.020,-0.149,-0.049,0.651,0.526,0.548,138.323,0.332,0.334,41.159,8.841
37,1,3,0.054,-0.089,0.014,0.008,0.456,0.890,134.777,0.244,0.578,39.515,1.644
37,1,4,0.055,-0.040,0.109,0.878,0.298,-0.375,106.140,0.228,0.806,35.562,3.953
37,1,5,0.134,-0.014,0.075,0.302,-0.788,-0.537,29.669,0.194,1.000,30.519,5.043
37,1,6,0.156,-0.069,0.037,0.785,-0.457,-0.418,62.666,0.153,1.153,29.166,1.353
37,1,7,0.207,-0.099,0.010,-0.465,-0.380,-0.800,48.470,0.143,1.296,25.196,3.970
37,1,8,0.183,-0.119,-0.032,0.779,0.298,-0.551,102.222,0.115,1.411,21.388,3.808
37,1,9,0.215,-0.107,-0.054,-0.890,0.409,0.202,109.518,0.091,1.502,19.981,1.406
37,1,10,0.182,-0.092,-0.047,-0.129,-0.485,0.865,77.930,0.083,1.584,16.362,3.619
37,1,11,0.179,-0.105,-0.024,0.849,-0.464,0.253,75.413,0.063,1.648,13.073,3.289
37,1,12,0.195,-0.114,-0.019,-0.087,-0.607,-0.790,34.349,0.048,1.696,12.049,1.024
37,1,13,0.194,-0.125,-0.032,0.076,0.173,0.982,118.322,0.044,1.740,9.289,2.760
37,1,14,0.194,-0.122,-0.021,0.339,-0.941,0.010,32.775,0.034,1.773,8.496,0.793
37,1,15,0.198,-0.132,-0.021,-0.690,0.723,0.033,127.116,0.031,1.804,6.198,2.298
37,1,16,0.193,-0.127,-0.020,-0.421,0.901,0.105,145.898,0.024,1.828,5.485,0.713
37,1,17,0.191,-0.123,-0.020,-0.846,-0.486,-0.218,50.711,0.022,1.850,3.163,2.322
37,1,18,0.189,-0.124,-0.020,0.999,-0.024,-0.028,95.526,0.015,1.864,0.600,2.563
37,1,19,0.189,-0.124,-0.020,0.999,-0.024,-0.028,95.526,0.002,1.866,0.000,0.600
38,1,0,0.000,0.000,0.000,0.313,-0.105,0.944,0.000,0.000,0.000,50.000,0.000
38,1,2,0.050,-0.017,0.149,-0.303,-0.054,0.952,36.008,0.332,0.334,45.036,4.964
38,1,3,0.010,-0.024,0.275,0.181,-0.031,0.983,8.947,0.281,0.615,32.998,12.038
38,1,4,0.024,-0.026,0.354,-0.474,0.211,-0.855,167.837,0.172,0.788,28.223,4.775
38,1,5,-0.006,-0.013,0.301,-0.115,-0.760,-0.640,124.089,0.136,0.924,24.264,3.959
38,1,6,-0.011,-0.050,0.269,-0.550,-0.009,-0.835,163.663,0.109,1.033,22.684,1.580
38,1,7,-0.036,-0.051,0.232,-0.296,-0.791,-0.536,121.041,0.099,1.131,11.212,11.472
38,1,8,-0.040,-0.063,0.224,-0.382,-0.074,0.921,40.748,0.041,1.172,9.085,2.127
38,1,9,-0.044,-0.064,0.234,0.164,0.774,-0.611,127.377,0.033,1.205,8.579,0.506
38,1,10,-0.043,-0.056,0.228,-0.596,0.540,0.594,71.489,0.031,1.236,6.391,2.188
38,1,11,-0.047,-0.052,0.232,0.236,-0.673,0.701,36.266,0.024,1.261,4.465,1.925
38,1,12,-0.046,-0.055,0.235,0.963,0.107,0.247,58.404,0.019,1.279,3.648,0.817
38,1,13,-0.043,-0.055,0.236,-0.059,-0.989,-0.135,92.414,0.016,1.296,0.000,3.648
39,1,0,0.000,0.000,0.000,0.881,0.056,-0.470,0.000,0.000,0.000,50.000,0.000
39,1,1,0.001,0.000,-0.001,0.881,0.056,-0.470,0.000,0.002,0.002,49.980,0.020
39,1,2,0.139,0.009,-0.074,0.332,0.535,0.777,92.482,0.332,0.334,46.062,3.918
39,1,3,0.185,0.082,0.032,0.787,-0.617,0.027,49.775,0.292,0.626,35.018,11.044
39,1,4,0.254,0.028,0.035,-0.889,-0.056,-0.454,124.934,0.189,0.815,28.362,6.657
39,1,5,0.198,0.024,0.006,-0.950,-0.273,-0.152,141.292,0.137,0.952,24.796,3.566
39,1,6,0.150,0.011,-0.002,0.223,0.355,-0.908,49.978,0.112,1.064,23.739,1.057
39,1,7,0.160,0.027,-0.045,-0.329,-0.149,-0.932,81.944,0.105,1.169,21.676,2.063
39,1,8,0.147,0.021,-0.084,-0.461,0.057,-0.886,89.216,0.093,1.262,17.545,4.131
39,1,9,0.133,0.023,-0.110,-0.221,-0.737,-0.638,86.313,0.069,1.331,15.261,2.284
39,1,10,0.128,0.005,-0.125,0.273,-0.800,-0.534,63.443,0.058,1.389,13.175,2.086
39,1,11,0.133,-0.010,-0.136,0.438,0.785,-0.438,50.538,0.049,1.438,10.127,3.048
39,1,12,0.139,-0.000,-0.142,-0.643,0.167,-0.747,101.892,0.037,1.474,8.649,1.478
39,1,13,0.132,0.002,-0.149,0.635,0.736,-0.236,44.643,0.031,1.506,7.102,1.547
39,1,14,0.137,0.008,-0.151,0.491,-0.846,-0.208,61.135,0.027,1.532,5.344,1.757
39,1,15,0.140,0.003,-0.152,-0.957,-0.112,0.267,167.129,0.021,1.554,2.559,2.786
39,1,16,0.138,0.003,-0.152,-0.299,-0.288,-0.910,81.486,0.012,1.565,0.332,2.226
39,1,17,0.138,0.003,-0.152,-0.299,-0.288,-0.910,81.486,0.001,1.566,0.000,0.332
40,1,0,0.000,0.000,0.000,-0.086,-0.663,-0.744,0.000,0.000,0.000,50.000,0.000
40,1,2,-0.014,-0.105,-0.118,-0.437,-0.856,-0.277,35.778,0.332,0.334,44.739,5.261
40,1,3,-0.071,-0.217,-0.154,-0.471,-0.868,0.157,60.034,0.278,0.613,42.527,2.212
40,1,4,-0.128,-0.322,-0.135,-0.446,0.237,0.863,139.507,0.257,0.869,34.299,8.228
40,1,5,-0.166,-0.301,-0.062,0.879,0.297,0.372,123.360,0.183,1.052,29.094,5.205
40,1,6,-0.108,-0.282,-0.037,-0.010,0.113,-0.994,48.304,0.142,1.195,26.122,2.972
40,1,7,-0.109,-0.276,-0.092,-0.228,0.918,0.324,146.085,0.121,1.316,23.160,2.961
40,1,8,-0.119,-0.234,-0.077,-0.380,0.924,-0.049,122.915,0.102,1.418,21.477,1.683
40,1,9,-0.135,-0.196,-0.079,-0.204,0.825,-0.527,97.865,0.091,1.509,18.255,3.223
40,1,10,-0.141,-0.170,-0.096,0.230,0.883,-0.409,107.519,0.073,1.582,16.538,1.717
40,1,11,-0.135,-0.146,-0.107,0.369,0.914,0.170,139.834,0.064,1.646,13.992,2.546
40,1,12,-0.127,-0.126,-0.104,0.427,0.863,-0.270,114.085,0.052,1.698,11.429,2.563
40,1,13,-0.120,-0.113,-0.108,-0.605,0.023,0.796,123.686,0.041,1.740,10.041,1.389
40,1,14,-0.128,-0.112,-0.097,-0.382,0.535,-0.754,76.172,0.036,1.776,8.812,1.229
40,1,15,-0.132,-0.107,-0.106,0.967,0.173,0.187,109.715,0.032,1.808,6.170,2.642
40,1,16,-0.126,-0.106,-0.104,0.756,0.631,-0.175,110.674,0.024,1.832,2.983,3.188
40,1,17,-0.124,-0.104,-0.105,-0.577,-0.140,-0.805,42.157,0.014,1.846,1.439,1.544
40,1,18,-0.125,-0.104,-0.106,-0.577,-0.140,-0.805,42.157,0.005,1.851,0.000,1.439
41,1,0,0.000,0.000,0.000,0.483,0.823,-0.298,0.000,0.000,0.000,50.000,0.000
41,1,1,0.001,0.001,-0.000,0.483,0.823,-0.298,0.000,0.002,0.002,49.987,0.013
41,1,2,0.076,0.130,-0.047,-0.883,-0.226,0.411,137.316,0.332,0.334,46.234,3.753
41,1,3,-0.046,0.099,0.009,-0.750,0.237,0.617,110.529,0.293,0.627,41.522,4.713
41,1,4,-0.133,0.127,0.081,0.296,0.649,0.701,62.054,0.247,0.875,37.070,4.452
41,1,5,-0.104,0.189,0.149,0.663,-0.747,-0.051,106.216,0.207,1.081,29.670,7.400
41,1,6,-0.059,0.139,0.145,0.191,0.982,-0.008,25.488,0.147,1.228,19.689,9.981
41,1,7,-0.052,0.174,0.145,0.562,0.613,-0.555,19.666,0.081,1.309,16.742,2.947
41,1,8,-0.037,0.191,0.129,-0.741,0.663,-0.104,77.305,0.065,1.374,14.193,2.549
41,1,9,-0.053,0.205,0.127,-0.184,-0.030,0.982,113.973,0.053,1.427,11.520,2.673
41,1,10,-0.056,0.205,0.143,-0.388,-0.476,0.789,144.575,0.042,1.469,10.786,0.733
41,1,11,-0.061,0.198,0.154,0.875,0.013,0.485,73.263,0.039,1.508,9.632,1.154
41,1,12,-0.051,0.198,0.160,0.494,-0.803,0.332,121.470,0.035,1.543,8.356,1.277
41,1,13,-0.046,0.190,0.164,-0.843,0.524,0.120,90.643,0.030,1.573,6.370,1.986
41,1,14,-0.051,0.194,0.164,0.934,-0.193,0.300,78.307,0.024,1.597,4.640,1.730
41,1,15,-0.047,0.193,0.166,-0.521,-0.549,-0.654,120.539,0.019,1.617,3.868,0.771
41,1,16,-0.049,0.191,0.163,-0.797,0.476,-0.371,83.245,0.017,1.634,3.177,0.691
41,1,17,-0.051,0.192,0.163,-0.511,0.512,0.691,91.756,0.015,1.648,0.208,2.969
41,1,18,-0.051,0.192,0.163,-0.511,0.512,0.691,91.756,0.001,1.649,0.000,0.208
42,1,0,0.000,0.000,0.000,-0.173,-0.691,-0.702,0.000,0.000,0.000,50.000,0.000
42,1,1,-0.000,-0.001,-0.001,-0.162,-0.664,-0.730,2.289,0.002,0.002,49.733,0.267
42,1,2,-0.025,-0.104,-0.115,-0.251,-0.822,-0.512,14.040,0.330,0.331,44.449,5.285
42,1,3,-0.058,-0.211,-0.181,-0.625,0.107,-0.773,54.730,0.276,0.607,38.631,5.817
42,1,4,-0.122,-0.200,-0.261,0.312,-0.893,0.324,70.407,0.220,0.827,36.527,2.104
42,1,5,-0.093,-0.284,-0.230,-0.570,-0.320,0.757,102.225,0.202,1.029,31.879,4.648
42,1,6,-0.136,-0.308,-0.173,0.154,-0.880,0.450,74.665,0.164,1.193,28.397,3.482
42,1,7,-0.127,-0.364,-0.144,0.948,-0.278,-0.155,82.113,0.137,1.330,24.184,4.213
42,1,8,-0.080,-0.377,-0.152,0.595,-0.795,-0.122,57.902,0.108,1.438,22.272,1.912
42,1,9,-0.054,-0.411,-0.157,0.404,0.669,-0.625,95.326,0.096,1.534,19.500,2.772
42,1,10,-0.040,-0.388,-0.179,0.647,-0.742,-0.174,58.452,0.080,1.614,17.639,1.861
42,1,11,-0.021,-0.410,-0.184,-0.848,-0.453,0.276,74.603,0.070,1.684,13.557,4.083
42,1,12,-0.038,-0.420,-0.179,0.726,0.566,0.390,142.266,0.050,1.734,12.314,1.243
42,1,13,-0.025,-0.410,-0.172,0.109,0.955,-0.275,119.020,0.045,1.779,8.876,3.438
42,1,14,-0.024,-0.399,-0.175,-0.818,-0.316,0.480,88.725,0.032,1.812,7.827,1.049
42,1,15,-0.031,-0.402,-0.171,0.914,0.236,0.329,123.531,0.029,1.840,5.265,2.562
42,1,16,-0.027,-0.401,-0.169,0.918,-0.319,0.237,96.038,0.021,1.861,1.757,3.508
42,1,17,-0.026,-0.401,-0.169,0.918,-0.319,0.237,96.038,0.007,1.868,0.000,1.757
43,1,0,0.000,0.000,0.000,-0.523,-0.587,0.617,0.000,0.000,0.000,50.000,0.000
43,1,2,-0.075,-0.081,0.113,0.061,0.883,0.465,105.292,0.332,0.334,47.382,2.618
43,1,3,-0.066,0.046,0.180,-0.533,0.834,-0.143,107.409,0.305,0.639,43.434,3.948
43,1,4,-0.133,0.150,0.162,0.358,0.907,0.224,125.562,0.266,0.905,38.465,4.969
43,1,5,-0.096,0.243,0.185,0.246,0.374,-0.894,154.195,0.219,1.124,28.449,10.016
43,1,6,-0.081,0.266,0.129,-0.056,-0.508,0.860,30.863,0.138,1.261,19.051,9.398
43,1,7,-0.082,0.249,0.158,0.945,0.325,0.043,131.161,0.077,1.339,16.479,2.572
43,1,8,-0.057,0.258,0.159,0.937,-0.116,0.329,102.663,0.064,1.403,15.547,0.932
43,1,9,-0.034,0.255,0.167,-0.208,0.977,-0.040,119.348,0.059,1.462,12.159,3.388
43,1,10,-0.037,0.272,0.166,0.947,-0.268,-0.177,116.560,0.044,1.506,10.531,1.628
43,1,11,-0.024,0.268,0.164,0.329,0.032,0.944,66.898,0.038,1.544,7.394,3.137
43,1,12,-0.021,0.268,0.172,0.292,-0.623,-0.726,103.614,0.027,1.572,5.920,1.474
43,1,13,-0.019,0.265,0.167,-0.763,-0.319,-0.562,76.131,0.023,1.595,3.325,2.595
43,1,14,-0.021,0.264,0.166,0.464,-0.425,0.778,60.867,0.015,1.610,2.861,0.463
43,1,15,-0.020,0.263,0.168,-0.618,-0.766,-0.176,48.364,0.013,1.623,0.000,2.861
44,1,0,0.000,0.000,0.000,0.382,-0.920,0.090,0.000,0.000,0.000,50.000,0.000
44,1,1,0.001,-0.001,0.000,0.667,-0.668,0.331,25.972,0.002,0.002,49.988,0.012
44,1,2,0.105,-0.106,0.052,0.985,-0.072,-0.156,64.627,0.332,0.334,44.422,5.566
44,1,3,0.233,-0.115,0.032,0.245,0.798,-0.551,133.630,0.275,0.609,41.296,3.126
44,1,4,0.261,-0.024,-0.031,-0.772,0.604,-0.199,150.286,0.245,0.854,39.127,2.170
44,1,5,0.180,0.040,-0.052,-0.822,-0.460,0.337,82.028,0.225,1.079,32.856,6.271
44,1,6,0.114,0.003,-0.026,-0.305,0.912,0.274,158.522,0.171,1.251,27.476,5.380
44,1,7,0.096,0.058,-0.009,-0.103,-0.013,0.995,86.391,0.131,1.381,24.456,3.020
44,1,8,0.091,0.057,0.040,-0.487,0.597,-0.638,142.430,0.110,1.491,23.721,0.735
44,1,9,0.068,0.086,0.010,0.170,-0.919,-0.356,28.589,0.105,1.597,22.822,0.899
44,1,10,0.075,0.045,-0.006,-0.438,0.163,0.884,103.747,0.100,1.696,20.529,2.294
44,1,11,0.059,0.051,0.028,-0.547,-0.163,0.821,89.145,0.086,1.782,17.195,3.333
44,1,12,0.043,0.046,0.052,0.385,-0.828,0.408,19.042,0.068,1.849,15.780,1.415
44,1,13,0.053,0.025,0.062,-0.564,-0.514,0.647,71.634,0.060,1.910,13.778,2.003
44,1,14,0.041,0.014,0.075,-0.529,0.835,0.149,163.168,0.051,1.961,10.748,3.030
44,1,15,0.033,0.026,0.078,0.434,-0.876,0.211,7.939,0.039,2.000,8.920,1.828
44,1,16,0.038,0.017,0.080,0.675,-0.421,0.606,45.568,0.032,2.032,7.384,1.536
44,1,17,0.044,0.013,0.085,0.374,0.522,0.766,105.511,0.027,2.060,5.354,2.030
44,1,18,0.046,0.016,0.089,0.761,0.024,0.649,70.893,0.021,2.081,2.510,2.844
44,1,19,0.047,0.016,0.090,-0.738,-0.258,0.623,89.345,0.012,2.093,0.000,2.510
45,1,0,0.000,0.000,0.000,0.469,-0.848,0.246,0.000,0.000,0.000,50.000,0.000
45,1,2,0.074,-0.134,0.039,0.067,-0.996,-0.056,30.391,0.332,0.334,45.106,4.894
45,1,3,0.083,-0.266,0.032,0.441,-0.821,-0.362,35.477,0.282,0.616,41.277,3.829
45,1,4,0.134,-0.361,-0.010,-0.015,0.841,-0.541,148.593,0.245,0.861,38.451,2.825
45,1,5,0.132,-0.275,-0.065,-0.136,0.162,0.977,87.737,0.219,1.080,32.438,6.013
45,1,6,0.122,-0.262,0.011,0.413,0.146,-0.899,98.743,0.168,1.248,30.834,1.604
45,1,7,0.151,-0.252,-0.054,0.912,0.184,-0.367,79.545,0.156,1.403,24.624,6.210
45,1,8,0.197,-0.242,-0.072,0.837,0.325,0.441,77.005,0.111,1.515,22.204,2.421
45,1,9,0.233,-0.228,-0.053,0.867,0.468,0.171,87.050,0.096,1.610,19.262,2.942
45,1,10,0.263,-0.212,-0.048,0.350,-0.935,0.053,13.975,0.079,1.689,17.345,1.917
45,1,11,0.273,-0.240,-0.046,0.081,-0.697,0.713,36.446,0.068,1.757,12.319,5.026
45,1,12,0.275,-0.252,-0.033,0.550,-0.202,-0.810,76.707,0.045,1.802,9.712,2.607
45,1,13,0.282,-0.254,-0.044,0.015,0.742,0.671,117.177,0.035,1.837,6.489,3.222
45,1,14,0.282,-0.249,-0.039,0.232,0.946,-0.226,138.513,0.025,1.862,5.294,1.195
45,1,15,0.283,-0.244,-0.040,-0.825,0.452,0.340,133.328,0.021,1.883,3.062,2.232
45,1,16,0.281,-0.243,-0.039,-0.968,0.246,-0.055,132.559,0.014,1.897,0.000,3.062
46,1,0,0.000,0.000,0.000,-0.430,0.545,-0.720,0.000,0.000,0.000,50.000,0.000
46,1,2,-0.068,0.086,-0.114,-0.990,-0.141,0.014,70.238,0.332,0.334,46.437,3.563
46,1,3,-0.206,0.067,-0.112,-0.536,-0.843,0.043,105.052,0.295,0.630,42.510,3.928
46,1,4,-0.270,-0.035,-0.107,-0.069,0.666,-0.742,21.976,0.257,0.886,37.305,5.205
46,1,5,-0.277,0.030,-0.179,0.896,0.404,0.184,107.290,0.209,1.095,35.197,2.108
46,1,6,-0.198,0.066,-0.163,0.347,-0.277,0.896,160.887,0.190,1.285,30.695,4.502
46,1,7,-0.173,0.046,-0.099,-0.855,0.265,-0.445,33.638,0.154,1.440,28.328,2.366
46,1,8,-0.227,0.063,-0.127,-0.747,-0.571,0.341,103.616,0.137,1.577,23.957,4.371
46,1,9,-0.263,0.035,-0.110,0.851,0.448,-0.275,85.629,0.107,1.683,22.684,1.273
46,1,10,-0.225,0.055,-0.123,-0.766,-0.522,-0.375,71.688,0.099,1.782,14.689,7.995
46,1,11,-0.242,0.043,-0.131,-0.530,-0.199,0.824,118.282,0.055,1.837,11.566,3.123
46,1,12,-0.251,0.040,-0.118,-0.866,0.143,0.480,83.971,0.042,1.879,9.788,1.778
46,1,13,-0.262,0.042,-0.112,0.020,-0.894,-0.447,100.028,0.035,1.915,6.234,3.555
46,1,14,-0.262,0.036,-0.115,0.421,-0.815,-0.398,109.808,0.024,1.939,3.924,2.309
46,1,15,-0.260,0.033,-0.116,-0.569,-0.778,-0.265,89.383,0.017,1.956,2.859,1.065
46,1,16,-0.261,0.032,-0.117,0.152,0.937,0.314,77.301,0.013,1.969,0.000,2.859
47,1,0,0.000,0.000,0.000,0.885,-0.306,-0.350,0.000,0.000,0.000,50.000,0.000
47,1,2,0.116,-0.040,-0.046,0.460,-0.468,-0.754,35.420,0.214,0.216,22.699,2.996
47,1,3,0.136,-0.061,-0.079,0.395,0.601,0.695,94.452,0.099,0.314,20.612,2.087
47,1,4,0.152,-0.038,-0.053,0.436,0.153,0.887,88.384,0.086,0.401,16.013,4.599
47,1,5,0.163,-0.034,-0.030,0.527,-0.732,-0.431,32.646,0.062,0.462,14.728,1.286
47,1,6,0.175,-0.051,-0.040,0.623,-0.266,-0.736,27.107,0.055,0.518,13.017,1.711
47,1,7,0.187,-0.056,-0.054,-0.749,-0.219,0.625,144.567,0.048,0.566,8.380,4.637
47,1,8,0.179,-0.058,-0.047,-0.778,-0.483,0.402,132.955,0.031,0.596,6.604,1.776
47,1,9,0.174,-0.061,-0.045,0.365,-0.924,0.117,55.572,0.025,0.621,2.900,3.704
47,1,10,0.175,-0.063,-0.044,0.964,0.195,0.179,43.009,0.013,0.635,1.513,1.387
47,1,11,0.176,-0.063,-0.044,0.964,0.195,0.179,43.009,0.006,0.640,0.000,1.513
47,2,1,-0.561,1.915,-0.687,-0.313,0.903,-0.296,0.000,2.166,2.166,0.000,0.141
47,10,1,-0.561,1.915,-0.687,-0.678,-0.033,0.734,61.199,0.000,0.000,0.000,0.033
47,9,1,-0.561,1.915,-0.687,0.174,-0.891,0.419,140.621,0.000,0.000,0.000,0.021
47,8,1,-0.561,1.915,-0.687,0.602,0.236,-0.763,105.918,0.000,0.000,0.000,0.032
47,7,1,-0.561,1.915,-0.687,-0.503,0.738,-0.449,81.773,0.000,0.000,0.000,0.047
47,6,1,-0.561,1.915,-0.687,-0.930,0.364,-0.057,0.000,0.000,0.000,0.542,0.000
47,6,2,-0.561,1.915,-0.687,-0.930,0.364,-0.057,0.000,0.001,0.001,0.000,0.542
47,5,1,-0.561,1.915,-0.687,-0.306,-0.556,0.773,0.000,0.000,0.000,0.553,0.000
47,5,2,-0.561,1.915,-0.687,-0.306,-0.556,0.773,0.000,0.001,0.001,0.000,0.553
47,4,1,-0.561,1.915,-0.687,-0.258,-0.708,0.657,0.000,0.000,0.000,3.733,0.002
47,4,2,-0.562,1.913,-0.685,-0.780,-0.624,0.044,47.799,0.017,0.017,1.401,2.332
47,4,3,-0.563,1.912,-0.685,-0.780,-0.624,0.044,47.799,0.005,0.022,0.000,1.401
47,3,2,-0.585,1.926,-0.664,-0.184,0.942,0.282,52.728,0.078,0.079,18.362,0.838
47,3,3,-0.591,1.956,-0.655,0.008,-0.749,0.662,78.470,0.074,0.152,16.916,1.446
47,3,4,-0.590,1.935,-0.636,-0.652,0.304,-0.695,85.548,0.066,0.218,14.977,1.939
47,3,5,-0.606,1.942,-0.653,-0.765,0.542,-0.348,62.668,0.057,0.275,14.004,0.973
47,3,6,-0.622,1.954,-0.660,0.313,0.881,0.355,72.722,0.052,0.327,13.007,0.997
47,3,7,-0.616,1.970,-0.653,0.677,0.433,-0.596,136.124,0.048,0.375,12.590,0.417
47,3,8,-0.604,1.978,-0.664,-0.009,-0.911,-0.412,123.454,0.046,0.421,10.142,2.448
47,3,9,-0.604,1.966,-0.670,-0.627,0.026,0.779,17.977,0.037,0.458,7.749,2.393
47,3,10,-0.609,1.966,-0.663,0.529,0.559,-0.639,127.525,0.029,0.486,5.308,2.441
47,3,11,-0.607,1.969,-0.666,0.865,-0.098,0.491,107.110,0.021,0.507,4.283,1.025
47,3,12,-0.603,1.969,-0.664,-0.939,-0.198,0.282,40.144,0.018,0.526,2.877,1.406
47,3,13,-0.605,1.968,-0.663,0.207,0.841,0.500,63.099,0.013,0.539,1.210,1.667
47,3,14,-0.605,1.969,-0.663,0.207,0.841,0.500,63.099,0.004,0.543,0.000,1.210
48,1,0,0.000,0.000,0.000,-0.173,-0.980,-0.100,0.000,0.000,0.000,50.000,0.000
48,1,2,-0.027,-0.155,-0.016,-0.607,0.142,-0.782,87.464,0.332,0.334,46.182,3.818
48,1,3,-0.111,-0.136,-0.124,0.157,0.951,-0.266,158.849,0.293,0.627,19.307,26.875
48,1,4,-0.106,-0.103,-0.133,0.222,0.904,0.367,163.812,0.079,0.706,17.227,2.080
48,1,5,-0.099,-0.076,-0.122,-0.157,0.880,-0.448,142.227,0.068,0.774,12.945,4.281
48,1,6,-0.102,-0.060,-0.131,0.342,0.127,0.931,106.082,0.048,0.821,10.168,2.778
48,1,7,-0.098,-0.058,-0.118,0.240,0.728,-0.643,133.643,0.037,0.858,7.484,2.684
48,1,8,-0.096,-0.052,-0.124,-0.361,0.873,0.328,145.673,0.028,0.886,5.501,1.983
48,1,9,-0.098,-0.047,-0.122,-0.060,-0.229,0.972,82.078,0.022,0.907,3.275,2.225
48,1,10,-0.098,-0.048,-0.119,-0.832,-0.086,-0.548,73.522,0.015,0.922,2.231,1.044
48,1,11,-0.099,-0.048,-0.120,-0.832,-0.086,-0.548,73.522,0.010,0.932,0.000,2.231
49,1,0,0.000,0.000,0.000,-0.318,0.407,-0.856,0.000,0.000,0.000,50.000,0.000
49,1,2,-0.050,0.064,-0.136,0.388,0.920,0.059,78.454,0.332,0.334,45.513,4.487
49,1,3,0.002,0.188,-0.128,0.808,0.278,-0.520,72.456,0.286,0.620,38.973,6.540
49,1,4,0.086,0.217,-0.182,-0.101,0.489,-0.867,13.332,0.224,0.844,35.634,3.339
49,1,5,0.077,0.262,-0.261,-0.621,-0.480,-0.620,57.799,0.194,1.038,27.432,8.202
49,1,6,0.040,0.233,-0.298,0.975,0.206,-0.078,99.195,0.130,1.168,21.654,5.777
49,1,7,0.080,0.241,-0.301,-0.355,-0.928,0.109,111.006,0.092,1.261,17.921,3.733
49,1,8,0.069,0.213,-0.297,-0.777,-0.168,-0.607,45.679,0.071,1.332,15.132,2.789
49,1,9,0.051,0.209,-0.312,0.587,-0.599,0.545,153.790,0.057,1.389,13.148,1.983
49,1,10,0.062,0.197,-0.301,0.905,-0.404,-0.132,109.850,0.048,1.438,12.411,0.737
49,1,11,0.078,0.190,-0.304,0.799,-0.509,-0.319,100.828,0.045,1.483,10.450,1.961
49,1,12,0.089,0.183,-0.308,0.138,-0.649,-0.748,70.548,0.038,1.521,9.954,0.496
49,1,13,0.091,0.175,-0.318,0.433,-0.732,-0.526,89.128,0.036,1.557,1.672,8.282
49,1,14,0.092,0.174,-0.318,0.433,-0.732,-0.526,89.128,0.007,1.563,0.000,1.672
